STATE,Temp,D.O. (mg/l),PH,CONDUCTIVITY (µmhos/cm),B.O.D. (mg/l),NITRATENAN N+ NITRITENANN (mg/l),FECAL COLIFORM (MPN/100ml)
ANDHRA PRADESH,33,7.1,7.6,406,3,15.8,NAN
ANDHRA PRADESH,25.9,5.5,7.6,569,1.3,0.9,18
ANDHRA PRADESH,26.5,5.4,7.8,310,0.8,2.4,7
ANDHRA PRADESH,18.9,7.1,7.8,516,0.7,0.5,2
ANDHRA PRADESH,20.5,6.9,8,505,0.9,0.7,2
ANDHRA PRADESH,27,6,7.3,432,1.2,3,3
ANDHRA PRADESH,26.8,6.1,7.7,328,1.2,1,3
ANDHRA PRADESH,19,5.8,7.8,707,0.6,0.85,2
ANDHRA PRADESH,21.4,6.1,8,674,0.9,1,2
ANDHRA PRADESH,27,6,7.6,429,1.1,1.1,3
ANDHRA PRADESH,27,6,7.8,308,1.1,1.47,3
ANDHRA PRADESH,20,5.8,7.4,505,0.6,0.73,4
ANDHRA PRADESH,24,6.1,7.5,465,0.5,0.34,4
ANDHRA PRADESH,27.6,6.2,7.5,371,1.1,1.62,3
ANDHRA PRADESH,27.6,6.2,7.7,316,1.3,2.41,3
ANDHRA PRADESH,28,7,7.5,226,1.1,2.3,3
ANDHRA PRADESH,33,7.7,7.8,220,4,11,NAN
ANDHRA PRADESH,33,6.8,7.4,309,7,15.3,NAN
ANDHRA PRADESH,28,6.5,7.9,566,0.9,3.8,3
ARUNACHAL PRADESH,25,7.2,7.8,262,0.28,0.15,19
ARUNACHAL PRADESH,25,4.9,7.4,10362,9.7,0.64,14
ARUNACHAL PRADESH,27,5.1,7.8,530,2.73,0.6,64125
ARUNACHAL PRADESH,28,6,8.2,612,2.28,0.4,28650
ARUNACHAL PRADESH,30,6.1,8.1,8782,1.9,0.43,16100
ARUNACHAL PRADESH,27,1.1,7.8,1076,7.67,0.63,28
ARUNACHAL PRADESH,29,6.8,8,3431,2.8,0.3,32120
ARUNACHAL PRADESH,25,4.5,7.6,1161,7.43,0.53,99
ARUNACHAL PRADESH,25,6,7.3,8838,5.58,0.7,14
ARUNACHAL PRADESH,30,0,7.1,3080,46,4.8,3000
ARUNACHAL PRADESH,28,2.8,7.9,663,5.93,0.97,150250
ARUNACHAL PRADESH,29,5.6,8,1265,2.13,0.1,503
ARUNACHAL PRADESH,28,4.1,7.9,4491,16.5,0.1,58
ARUNACHAL PRADESH,29,6.3,7.9,43983,1.83,1.22,105
ARUNACHAL PRADESH,30,6.6,7.8,37,2.25,0.01,10
ARUNACHAL PRADESH,28,6.8,7.1,11,1.65,0.07,22
ARUNACHAL PRADESH,27,6.5,7.5,28,4.55,0.05,20
ARUNACHAL PRADESH,28,7.1,8,49,1.25,0.02,3
ARUNACHAL PRADESH,26,7.6,7.3,93,0.95,0.03,240
ARUNACHAL PRADESH,26,7.4,7,67,2.45,0.13,467
ARUNACHAL PRADESH,27,7,7.3,89,1.5,0.02,30
ARUNACHAL PRADESH,29,5.4,7.3,75,1.8,0.06,350
ARUNACHAL PRADESH,28,6.7,7.2,95,1.4,0.1,18
ARUNACHAL PRADESH,28,6.8,6.9,58,1.9,0.03,25
ARUNACHAL PRADESH,25,5.6,6.8,67,1.9,0.06,82
ARUNACHAL PRADESH,28,5.2,7.2,29,1.65,0.04,37
ARUNACHAL PRADESH,26,6.2,7.1,146,2.1,0.09,920
ARUNACHAL PRADESH,31,3.6,7,29,2,0.09,33
ARUNACHAL PRADESH,30,6.8,7.2,1370,2.6,0.08,33
ARUNACHAL PRADESH,28,8.1,7.1,335,3.2,0.21,1300
ASSAM,26,6.3,7.6,119,3.67,0.37,157
ASSAM,27,6.4,7.6,109,3.4,0.42,95
ASSAM,27,5.9,7.2,119,4.04,0.65,133
ASSAM,25,5.3,7.7,109,3.25,0.38,165
ASSAM,26,6,7.8,301,5.43,0.3,166
ASSAM,22,6.6,7.2,131,4.5,0.83,285
ASSAM,22,6.8,7.2,110,3.9,0.49,480
ASSAM,27,6.7,7.6,109,4.13,0.28,260
ASSAM,29,5.2,7,478,16.3,0.35,500
ASSAM,21,6.9,6.6,291,1.96,1.4,4
ASSAM,32,0.7,7.3,12697,45.6,1.32,642
ASSAM,23,6.8,6.6,6232,2.13,2.72,6
ASSAM,29,6.2,6.5,1638,1.5,0.8,349
ASSAM,28,7.3,6.6,36,0.6,0.41,304
ASSAM,28,6.4,6.7,41,1,0.75,443
ASSAM,28,5.1,6.8,52,1.6,0.22,555
ASSAM,28,6.8,6.7,183,1.3,0.28,358
ASSAM,27,6.3,6.3,115,0.9,0.5,455
ASSAM,28,7.2,6.7,455,1.1,0.28,245
ASSAM,27,6.8,6.9,80,0.4,0.52,207
ASSAM,27,6.8,7,4515,0.4,1.53,184
ASSAM,29,7.7,7.2,47,1,2,253
ASSAM,29,7.1,6.8,57,1.5,1.12,230
ASSAM,29,6.6,6.3,148,1.2,0.93,190
ASSAM,26,1.8,6.8,2012,5.5,1.8,20458
ASSAM,26,6.7,6.2,40,0.6,1,425
BIHAR,26,5.8,6.3,65,1.1,2.97,525
BIHAR,26,5.1,6.3,50,1,3.1,700
BIHAR,26,6.6,6.2,42,0.6,1.97,475
BIHAR,27,6.6,6.4,43,0.7,3.13,400
BIHAR,27,6.7,6.4,50,0.5,3.6,500
BIHAR,26,6.6,6.3,46,0.6,1.07,624
BIHAR,27,5.9,6.4,54,0.7,3.53,375
BIHAR,27,7.6,6.7,55,0.7,4.17,295
BIHAR,27,6.5,6.7,72,0.8,2.83,30
BIHAR,29,7.3,7.4,71,0.7,4.1,490
BIHAR,27,6.3,6.7,79,0.7,2.03,190
BIHAR,26,6.9,6.6,33,0.4,1.4,0
BIHAR,27,6.8,6.7,46,0.4,1.47,30
BIHAR,29,5.9,7.1,6666,0.7,4.13,118
BIHAR,28,6.4,7.1,17771,1,5.2,760
BIHAR,28,7.3,6.7,62,0.9,2.8,293
BIHAR,28,7.6,6.6,61,0.5,3.4,85
BIHAR,30,2.4,6.7,221,2.1,3.97,220
BIHAR,27,7.1,6.8,89,1.2,0.4,620
BIHAR,27,6.4,6.7,110,0.5,0.2,1400
BIHAR,27,3.5,6.9,105,0.7,0.15,265
BIHAR,28,7.4,7.3,155,0.8,1.2,570
BIHAR,28,6.8,6.9,77,0.9,1.8,215
BIHAR,27,5.5,6.5,75,1.9,0.1,1300
BIHAR,31,5.4,6.5,102,4,0.1,320
BIHAR,30,4.8,6.8,90,1.1,0.1,730
BIHAR,28,5.8,6.3,87,0.7,0.1,633
BIHAR,27,7.3,6.6,57,0.4,0.25,297
BIHAR,28,5.8,7.5,18291,0.8,0.25,435
BIHAR,28,6.2,6.7,2497,0.5,0.15,510
BIHAR,27,7.3,6.1,45,0.7,0.2,150
BIHAR,27,7.6,6.3,39,0.5,0.2,1040
BIHAR,25,7.7,6.6,31,0.3,0.15,490
BIHAR,28,5.4,5.9,595,0.8,0.1,570
BIHAR,28,7.4,6.1,30,0.9,0.3,690
BIHAR,28,6.6,5.9,37,0.7,0.1,540
CHANDIGARH,28,6.5,6.5,1135,0.7,0.25,850
CHANDIGARH,27,7.2,5.9,39,0.8,0.55,440
CHANDIGARH,29,6.3,6.5,925,1.1,0.3,830
CHANDIGARH,27,7.6,6.6,50,0.6,0.25,1660
CHANDIGARH,27,7.3,6.5,64,1.4,0.5,1280
CHANDIGARH,27,7.5,7,74,0.8,0.1,1400
CHANDIGARH,26,4.4,7.3,428,0.4,0.15,285
CHANDIGARH,27,6.8,7,169,0.4,0.25,255
CHANDIGARH,29,1.7,6.2,181,3,0.45,672
CHANDIGARH,29,3,6.1,80,2,0.13,268
CHANDIGARH,28,6.9,7.8,469,0.89,0.86,152
CHANDIGARH,32,7.7,8.1,266,1.83,1.01,1950
CHANDIGARH,32,6.8,7.8,16468,1.65,2,440
CHANDIGARH,28,7.5,8.2,233,2.5,0.89,2600
CHANDIGARH,26,7.6,8.1,233,1.35,1.43,2025
CHANDIGARH,26,7,7.6,593,0.25,1.95,NAN
CHANDIGARH,25,7.6,6.6,118,1.15,0.15,70
CHANDIGARH,27,6.8,6.6,179,1.88,0.2,118
CHANDIGARH,28,6.8,6.7,172,2.14,0.19,263
CHANDIGARH,28,6.9,7.1,260,1.78,0.13,110
CHANDIGARH,27,7.3,6.6,94,1.27,0.17,73
CHANDIGARH,26,7.4,6.7,88,1.03,0.15,89
CHANDIGARH,28,7.2,7.2,439,2.28,0.14,236
CHANDIGARH,27,6.8,7.6,749,2.25,0.36,424
CHANDIGARH,26,6.9,7.3,252,4.33,1,322
CHHATTISGARH,29,7,7.3,46,1,NAN,49
CHHATTISGARH,31,7,7.3,40,1,NAN,12
CHHATTISGARH,30,7.7,8.1,195,1.1,0.7,0
CHHATTISGARH,23,8,8.2,572,0.5,NAN,12
CHHATTISGARH,24,3.8,7.8,1424,155.6,0.66,NAN
CHHATTISGARH,23,4.9,7.8,704,3.5,NAN,57
CHHATTISGARH,20,5.9,7.2,703,5.4,2.05,1950
CHHATTISGARH,21,5.3,7.4,1095,27,3.35,48000
CHHATTISGARH,30,6.7,6.9,1094,17.1,19.4,NAN
CHHATTISGARH,30,6.2,7,1312,22.3,17.7,NAN
CHHATTISGARH,21,5.7,7.3,732,10.7,2.4,5450
CHHATTISGARH,21,5,7.2,983,26.1,3.05,32250
CHHATTISGARH,20,5,7.3,748,7.4,2.65,12500
CHHATTISGARH,20,5.1,7.2,760,13.5,2.55,22000
CHHATTISGARH,21,4.5,7.2,856,23.8,3.45,34000
CHHATTISGARH,21,4.4,7.2,1184,18.1,3.75,17250
CHHATTISGARH,20,4.5,7.4,1186,22.7,3.07,13000
CHHATTISGARH,21,5.2,7.5,1036,28.5,3.55,28750
CHHATTISGARH,21,5.5,7.6,973,27.8,3.33,130500
CHHATTISGARH,21,5.6,7.6,951,25.8,3.23,22500
CHHATTISGARH,25,6.4,7.9,378,4.1,0.94,NAN
CHHATTISGARH,31,6.8,7,970,25.3,20.2,NAN
CHHATTISGARH,21,5.4,7.8,438,1.7,0.41,3
CHHATTISGARH,27,7.9,6.7,120,1.2,NAN,NAN
CHHATTISGARH,26,6.2,7.3,135,1.8,NAN,NAN
CHHATTISGARH,27,8.2,7.6,176,1.9,NAN,NAN
CHHATTISGARH,28,6.6,7.4,112,1.2,NAN,NAN
DADRA NAGAR HAVELI,27,4.2,7.9,4909,18,7,NAN
DADRA NAGAR HAVELI,28.1,4.6,8,23576,158.8,6.88,35
DADRA NAGAR HAVELI,29.1,4.8,7.8,65700,164,3.42,NAN
DADRA NAGAR HAVELI,27.7,6.7,8.5,235,NAN,3.1,NAN
DADRA NAGAR HAVELI,27.1,6.7,8.3,262,NAN,NAN,NAN
DADRA NAGAR HAVELI,27.1,6.8,7.8,227,NAN,NAN,NAN
DADRA NAGAR HAVELI,27.3,6.8,8.5,249,NAN,0.11,NAN
DADRA NAGAR HAVELI,27,4.2,8.2,2754,42,NAN,NAN
DAMAN & DIU,30.6,6.7,7.5,203,NAN,0.1,11
DAMAN & DIU,NAN,NAN,0,208,NAN,NAN,NAN
DAMAN & DIU,31,7.1,7.8,151,8,0.08, 
DAMAN & DIU,29.1,6.7,7.7,218,5,1.31,NAN
DAMAN & DIU,29.9,5.6,7.5,15608,25,18.73,5
DAMAN & DIU,29.9,3.7,7.5,39503,13.5,25.71,NAN
DAMAN & DIU,29.8,4.7,7.6,46170,21.5,19.69,NAN
DAMAN & DIU,30.2,5.8,7.8,378,NAN,2.61,NAN
DAMAN & DIU,29.7,6.6,7.7,489,NAN,2.66,350
DAMAN & DIU,30.1,6.6,7.4,492,NAN,3.6,NAN
DAMAN & DIU,30.3,6.2,7.8,359,NAN,3.67,4
DAMAN & DIU,29.8,5.8,7.7,8757,NAN,10.45,4
DAMAN & DIU,30,6.1,7.3,11855,12.5,18.6,180
DAMAN & DIU,30,6.3,7.4,24506,136,16.9,158
DAMAN & DIU,30,5.9,7.5,25343,56.5,7.7,180
DAMAN & DIU,30,6.6,7.8,371,NAN,4.1,180
DAMAN & DIU,30,6.2,7.4,368,8,3.2,265
DAMAN & DIU,30,6.7,7.7,354,4,2.6,137
DAMAN & DIU,33,6.8,8,374,21,1.5,180
DAMAN & DIU,30,5.9,7.4,7173,12,58.1,7
DAMAN & DIU,28,7.3,7.4,332,0.7,0.3,6
GOA,29.8,5.7,7.2,189,2,0.2,4953
GOA,29.5,6.3,6.9,179,1.7,0.1,3243
GOA,29.7,5.8,6.9,64,3.8,0.5,5382
GOA,29.5,5.8,7.3,83,1.9,0.4,3428
GOA,30,5.5,7.4,81,1.5,0.1,2853
GOA,29.2,6.1,6.7,308,1.4,0.3,3355
GOA,29.6,6.4,6.7,414,1,0.2,6073
GOA,30,6.4,7.6,305,2.2,0.1,3478
GOA,30.1,6.3,7.6,77,2.3,0.1,2606
GOA,27.8,7.1,7.1,176,1.2,0.1,4573
GOA,27.9,6.7,6.4,93,1.4,0.1,2147
GOA,29.3,7.4,6.8,121,1.7,0.4,11633
GOA,29.2,6.9,7,620,1.1,0.1,3500
GOA,30,6,7.5,72,1.6,0.2,4995
GOA,29,7.3,7,247,1.5,0.2,1095
GOA,29.1,7.3,7,188,1,0.1,1286
GOA,28.7,7,6.9,224,1.2,0.3,3896
GOA,28.7,7.3,6.7,144,1.5,0.1,1940
GOA,29.5,5.3,6.8,319,1.8,0.3,6458
GOA,29,6.3,6.4,79,1.6,1.4,7592
GOA,29.4,5.4,7.6,39,1.4,0.1,3176
GOA,28.3,2.2,6.5,322,4.7,1.2,11210
GOA,30.1,5.2,7.1,192,2.6,0.3,5073
GOA,30.3,5.6,7.5,282,1.8,0.1,3205
GOA,30.5,5.5,7.4,275,1.5,0.1,4698
GOA,29.1,7.3,6.7,55,1.4,0.1,2638
GOA,30.1,6.5,7.5,415,2,0.1,864
GOA,29.2,7.2,6.3,100,1.5,0.1,7942
GOA,30,5.6,7.5,41,2,0.08,7022
GOA,30.4,5.5,6.7,209,0.8,0.17,1893
GOA,30.8,5.5,7.1,123,1.5,0.09,3293
GOA,30.3,5.3,7.3,182,1.5,0.08,1976
GOA,30.1,6,7.6,100,1.2,0.17,5129
GOA,29.9,5.7,6.9,111,1,0.14,939
GOA,29.1,6.4,7.1,140,1.1,0.1,4464
GOA,29.9,6.2,7.8,44,2,0.06,9429
GOA,29.8,6.1,7.6,43,1.8,0.06,6668
GOA,27.9,7,6.9,64,1.1,0.09,1641
GOA,28.2,6.6,6.5,62,1,0.14,4073
GOA,29.6,7,6.8,304,2,0.49,12140
GOA,28.8,7,7,55,1.2,0.66,1298
GOA,29.5,6.3,7.6,213,1.5,0.06,3803
GOA,29.8,6.7,6.8,83,1.2,0.17,2140
GOA,29.7,7.1,6.6,76,1,0.12,2367
GOA,28.7,6.7,6.6,107,1.3,0.22,2461
GOA,27.9,7.2,6.7,89,0.9,0.06,832
GOA,29.3,4.2,6.7,192,2,0.16,4448
GOA,28.6,6.3,6.6,79,1.6,0.19,2830
GOA,29.8,5.6,7.7,142,1.7,0.14,1831
GOA,28.6,2.8,6.4,424,3.2,0.35,12658
GOA,30.6,5.2,7.1,306,2.6,0.34,1411
GOA,30.3,5.6,7.7,40,1.5,0.07,4153
GOA,30.4,5.5,7.7,40,1.5,0.08,7086
GOA,29.6,6.9,6.7,63,0.9,0.21,691
GOA,29.6,6.3,7.6,227,1.7,0.08,3622
GOA,29.5,7.1,6.6,68,1.1,0.13,4124
GOA,31,5.9,7.2,52,2.1,0.08, 
GOA,30,6.1,6.8,408,1.3,0.17,1300
GOA,30,5.5,6.9,143,1.3,0.09,4100
GOA,29,5.4,7.2,60,1.5,0.08,428
GOA,29,5.8,7.2,34,5.3,0.17,855
GOA,29,5.9,6.7,125,1.5,0.14,1638
GOA,28,6.4,6.7,175,1.3,0.1,772
GOA,30,6.2,7.7,39,1.3,0.06,1296
GOA,30,6.1,7.8,39,1.5,0.06,1032
GOA,27,7.3,6.9,61,0.7,0.09,1430
GOA,28,6.8,6.6,71,1.5,0.14,2495
GOA,29,7.4,6.5,129,2.3,0.49,5868
GOA,28,7,6.8,503,1.6,0.66,965
GOA,29,6.3,7.5,31,1.6,0.06,1466
GOA,29,7.1,6.8,70,0.8,0.17,716
GOA,30,7.3,6.8,69,1.2,0.12,457
GOA,28,6.7,6.6,118,1,0.22,1104
GOA,28,7.4,6.8,80,1.3,0.06,274
GOA,29,4.5,6.6,250,2.4,0.16,1572
GOA,28,6.1,6.9,74,1.8,0.19,1074
GOA,30,5.9,7.3,44,1.6,0.14,962
GOA,30,2.4,6.5,195,4.8,0.35,7980
GOA,31,4,6.8,207,1.8,0.34,818
GOA,29,5.4,7.6,40,1.6,0.07,290
GOA,30,5.3,7.6,41,1.4,0.08,952
GOA,29,7,6.9,54,0.8,0.21,667
GOA,29,5.9,7.7,44,2.1,0.08,1200
GOA,29,7.1,6.5,60,1.7,0.13,2926
GOA,28.7,6.8,6.5,43,1.1,0.42,8
GOA,29.3,6.6,7,59,1.1,0.27,8
GOA,28.8,6,6.2,106,1.5,0.28,9
GOA,28.3,5.9,6.6,516,1.1,0.18,8
GOA,25.8,7.3,6.1,87,0.9,0.33,6
GOA,28.3,7.3,5.9,74,1.5,0.22,8
GOA,27.8,6.7,6.3,127,2,0.44,10
GOA,26,6.8,6.2,226,1.6,0.18,9
GOA,27.8,7.1,5.9,93,1.8,0.28,9
GOA,26.3,7.4,6.2,76,1.3,0.41,11
GOA,25.7,7.3,6.2,113,1.2,0.33,9
GOA,29,7.3,5.9,100,1.3,0.27,6
GOA,26.9,6,5.9,273,1.8,0.31,10
GOA,27,6.1,6.5,201,2,0.43,9
GOA,27.5,6.2,6.3,245,1.8,0.31,7
GOA,28.3,7,6.5,75,0.9,0.22,7
GOA,29,7.3,6,74,1.6,0.11,8
GOA,31,7.2,6.3,14100,1.6,0.41,13
GOA,29,5.5,7.8,401,1.3,0.21,2
GOA,30,6.2,6.9,11000,1.3,0.48,13
GOA,29,6.5,6.8,30190,2.3,0.04,5
GOA,24,8.1,7.7,7400,2.6,0.1,79
GOA,27,7.8,6.4,609,2.3,0.08,49
GOA,27,7.8,6.4,90,2,NAN,13
GOA,28,7.2,6.5,8240,1.6,0.25,17
GOA,27,4.2,7.6,5543,0.7,0.18,2
GOA,26,6.5,6.4,505,1.6,0.13,8
GOA,28,7.4,6.9,3844,2,0.15,5
GOA,28,5.4,7,7692,1.7,0.92,29
GOA,27,6.6,7.2,692,1.9,0.34,105
GOA,29,5.1,7.5,NAN,2.3,0.38,1201
GOA,29,7.3,6.8,20640,2.5,0.42,87
GOA,28,7.2,6.9,5350,2.2,0.28,134
GOA,28,7,6.8,4800,3,0.32,69
GUJARAT,27.1,7.3,7.9,693,0.5,1,161
GUJARAT,27.3,5,7.6,1676,1.8,8,329
GUJARAT,NAN,NAN,0,506,NAN,6,26
GUJARAT,24.5,6,7.7,1863,8.6,1,47
GUJARAT,NAN,NAN,NAN,24300,NAN,7,22474
GUJARAT,27.5,5.3,7.8,817,2.8,1,9
GUJARAT,28.3,4.3,7.8,2307,103.8,1.23,NAN
GUJARAT,28.4,4.5,8.3,1287,1.5,11,116
GUJARAT,NAN,NAN,NAN,NAN,NAN,0,NAN
GUJARAT,27.6,6.8,8.2,1862,2.5,0.87,7
GUJARAT,NAN,5,8,NAN,0.7,0,NAN
GUJARAT,NAN,3,7.7,NAN,0.4,0,NAN
GUJARAT,27,6.7,8.1,2520,7.2,1,6
GUJARAT,29,8.2,8.4,606,2.9,0,NAN
GUJARAT,28,7.2,7.4,319,0.7,0.18,5
GUJARAT,27,6.2,8.4,894,9,0.38,140
GUJARAT,30,2.2,8,1835,17.9,0.86,10478
GUJARAT,31,2,7.7,3165,32.3,3.44,11498
GUJARAT,29,2.4,7.6,1500,6.2,1.31,3
GUJARAT,27.6,7.1,7.3,212,1.4,0.84,3
GUJARAT,28.2,5,8.3,12771,4.1,1.48,7
GUJARAT,28,6.7,8,304,1.5,0.18,1500
GUJARAT,28.5,5.8,7.7,1315,2.5,0.22,1900
GUJARAT,29.5,5.9,7.6,36593,3.9,0.07,1200
GUJARAT,27,7.6,7.7,1291,10,0.34,23
GUJARAT,29.5,6,7.7,18865,3.6,3.12,900
GUJARAT,27,4.3,8.4,605,6.5,1.68,5
GUJARAT,26.7,3.7,8.2,600,4.3,1.66,6
GUJARAT,27,4.6,7.2,729,4,0.33,900
GUJARAT,26.8,6.2,8.4,2670,1.3,0.24,NAN
GUJARAT,26,5.1,8.1,533,3.7,0.45,3900
GUJARAT,27,7.1,8,555,2,0.35,7500
GUJARAT,27,6.8,8.2,26600,3.1,0.62,9000
GUJARAT,29.3,8.1,7.6,938,8.6,0.4,22
GUJARAT,28.4,6.2,7.8,7778,2.7,0.26,2880
GUJARAT,32,NAN,7.2,1440,46,0.2,80
GUJARAT,28.3,3.2,7.7,885,6.3,0.51,3900
GUJARAT,28,7.3,7.4,332,0.7,0.3,6
GUJARAT,29,6.5,7.5,21417,16.4,0.4,15
GUJARAT,30,5.7,8,601,7.4,0.5,14600
GUJARAT,30,4.7,8.3,753,3.7,0.5,9166
GUJARAT,28,5.8,7.8,16177,3,0.5,10100
GUJARAT,30,6.1,8.1,14921,3.2,0.3,4300
GUJARAT,30,0.6,7.1,3115,36.5,1.7,4450
GUJARAT,27,3.2,7.8,5073,5.8,0.2,833
GUJARAT,30,4.2,8.2,901,6.7,0.4,9750
GUJARAT,28,2.9,8.3,11405,5.6,0.1,49
GUJARAT,29,5,7.7,47156,3.1,0.1,41
HARYANA,NAN,NAN,NAN,NAN,NAN,NAN,NAN
HARYANA,NAN,NAN,8.2,NAN,19.8,0,NAN
HARYANA,NAN,NAN,7.9,NAN,18.2,0,NAN
HARYANA,NAN,NAN,7.2,NAN,88,0,NAN
HARYANA,NAN,NAN,6.9,910,13,0,NAN
HARYANA,NAN,NAN,6.5,930,15,0,NAN
HARYANA,NAN,5,7.3,NAN,33.9,0,NAN
HARYANA,NAN,NAN,6.7,960,18,0,NAN
HARYANA, ,6.8,8,414,3.1,0.88, 
HARYANA, ,6.4,7.9,1808,21,5.9, 
HARYANA, ,6.6,7.8,1302,18, , 
HARYANA, ,6.4,8,1286,19.5, , 
HARYANA,20,3.3,7.5,1630,185,1.75, 
HARYANA,NAN,6.9,7.8,440,3.4,1.21,NAN
HARYANA,17.7,6.1,6.8,780,14.7,NAN,NAN
HARYANA,17,6.1,6.8,773,14.7,NAN,NAN
HARYANA,17.3,6,7,820,15.3,NAN,NAN
HARYANA,18.3,3.1,7.8,1261,195.4,4.78,NAN
HARYANA,22,6.4,7.1,1085,8.5,8.1,NAN
HARYANA,20,5.6,8.1,905,11.5,7.1,NAN
HARYANA,28,1.9,8.4,2187,354,5.4,NAN
HARYANA,28,7,7.8,350,2.5,NAN,NAN
HARYANA,16,7.2,6.2,930,8,1.5,NAN
HIMACHAL PRADESH,23.6,7.8,7.8,376,1.3,0.4,9
HIMACHAL PRADESH,23.9,7.7,7.7,354,1.3,0.3,12
HIMACHAL PRADESH,24.5,7.6,7.9,344,1.6,0.4,12
HIMACHAL PRADESH,18.1,4.4,7.1,694,41,1.2,92
HIMACHAL PRADESH,20.3,7.1,7.5,293,1.3,0,9
HIMACHAL PRADESH,20.7,7.1,7.5,316,1.4,0,13
HIMACHAL PRADESH,20.8,6.6,7.5,274,1.6,0,14
HIMACHAL PRADESH,20.6,4.9,7.4,407,16.3,0,51
HIMACHAL PRADESH,20,7.7,7.4,344,1.2,0.37,9
HIMACHAL PRADESH,20,7.3,7,310,1.4,0.38,13
HIMACHAL PRADESH,20,7.1,7.7,303,1.5,0.34,13
HIMACHAL PRADESH,18,6.2,7.5,788,41.5,4.08,105
HIMACHAL PRADESH,21.4,8.3,7.6,334,1,0.49,9
HIMACHAL PRADESH,22.3,8.2,7.7,316,1.2,0.48,11
HIMACHAL PRADESH,22.8,8.3,7.6,304,1.2,0.51,12
HIMACHAL PRADESH,21.8,5.5,7.6,743,7.6,1.02,81
HIMACHAL PRADESH,22,5.475,7.82,721.5,6.9,1.26,87.25
JHARKHAND,26,7.9,7.8,196,0.8,NAN,NAN
JHARKHAND,29,9,8,269,1.8,NAN,NAN
JHARKHAND,28,NAN,8,698,NAN,NAN,NAN
JHARKHAND,30,9.6,7.6,633,NAN,NAN,NAN
JHARKHAND,27,3.2,6.8,389,26,NAN,NAN
JHARKHAND,28,5.5,7.5,375,24,NAN,NAN
JHARKHAND,19,5,3.2,630,7,2.5,27
JHARKHAND,26,7,7.8,122,0.65,NAN,NAN
JHARKHAND,26,7.2,7.8,130,0.93,0.1,NAN
JHARKHAND,25,6.6,8,151,0.98,NAN,NAN
JHARKHAND,25,6.7,7.9,188,1.03,NAN,NAN
JHARKHAND,28,6.1,7.7,120,1.36,NAN,264
JHARKHAND,29,5.4,7.3,141,2.67,0.08,285
JHARKHAND,28,5.8,7.8,161,2.93,0.1,518
JHARKHAND,NAN,NAN,7.6,253,NAN,2.8,NAN
JHARKHAND,25,7,7.7,448,0.4,0.2,17
JHARKHAND,25,4.8,7.5,20360,8.8,0.2,23
JHARKHAND,27,4.9,7.7,904,3.6,NAN,13950
JHARKHAND,28,6.4,8,477,2.4,NAN,12325
JHARKHAND,29,6.7,7.9,14111,2.9,NAN,10725
JHARKHAND,28,5.7,7.6,868,4.2,0.4,5
JHARKHAND,30,6.2,8,899,3.1,NAN,10275
JHARKHAND,26,4.8,7.6,14426,10.4,0.1,32
JHARKHAND,27,6.2,7.4,29920,3.6,0.2,14
JHARKHAND,27,NAN,7.5,5414,359,0.1,3
JHARKHAND,27,4.2,7.8,589,4,NAN,23575
JHARKHAND,30,6.8,7.5,2870,2.5,0.1,582
JHARKHAND,29,6.5,6.9,1690,1.5,0.1,555
JHARKHAND,29,6.5,7.1,3110,1.6,0.1,1243
JHARKHAND,29,6.4,7.7,44000,2.3,0.1,814
JHARKHAND,27,7.2,7.2,70,1.6,0.1,1554
JHARKHAND,28,7.2,6.8,60,2.1,0.1,5778
KARNATAKA,27.1,7.3,7.3,109,2.4,3.4,18
KARNATAKA,26.3,7.5,7.5,83,2.1,2,22
KARNATAKA,29.1,6.4,7.2,102,1,0,137
KARNATAKA,28.4,6.5,7.1,92,1,0,155
KARNATAKA,27.1,7.3,7.3,164,2.3,1,115
KARNATAKA,26.3,7.6,7.4,122,2.4,1,223
KARNATAKA,28.3,6.5,7.1,95,1,0,156
KARNATAKA,27.9,6.5,7.1,56,1,0,30
KARNATAKA,28,6.4,7.1,183,2.3,0.62,209
KARNATAKA,27,7.1,7.4,135,1.9,0.72,419
KARNATAKA,32,6.7,7.2,103,1, ,11
KARNATAKA,30,6.8,7.1,106,1, ,13
KARNATAKA,28.3,7.3,7.1,241,2.9,1.17,100
KARNATAKA,27.5,7.7,7.4,121,1.4,0.64,378
KARNATAKA,30.5,6.5,7.3,64,1,2.6,236
KARNATAKA,29.5,6.9,7.4,57,1,1.28,46
KARNATAKA,27,7,7.2,286,9.5,0.9,85
KARNATAKA,28,6.4,7,307,1,NAN,457
KARNATAKA,29,6.6,7.1,250,1.5,NAN,74
KERALA,25.1,6.7,7.5,85,1.4,1,183
KERALA,24.6,5.8,7.4,77,1.4,0.8,285
KERALA,25.7,6.6,7.5,75,1.4,0.7,183
KERALA,24.8,6.7,7.5,82,1.4,1,161
KERALA,27.3,6.7,6.9,56,0.9,0.2,82
KERALA,27.5,6.5,6.7,2240,1.2,0.2,136
KERALA,25.2,6.3,6.9,73,1.6,0,787
KERALA,29.9,7,7.4,130,0.7,0.1,301
KERALA,29.8,6.6,7.7,191,1.6,0.2,362
KERALA,27.8,6.9,6.9,134,1.1,0.4,249
KERALA,26.7,7,7.5,80,0.8,0.4,2573
KERALA,25.8,6.7,7.4,14526,0.8,0.6,1411
KERALA,26.4,7.2,7.4,82,0.7,0.5,840
KERALA,29.8,7.5,7.2,67,1.1,0.1,76
KERALA,28.6,3,6.6,965,1.7,1.2,247
KERALA,26.9,5.9,7.4,17990,0.7,0.5,1888
KERALA,26,6.7,7.5,90,1.6,0.9,199
KERALA,23.6,6.1,7.4,4429,2,1.6,243
KERALA,30.3,6.7,6.9,87,1.7,0.2,155
KERALA,30.7,6.9,6.8,85,1.6,0.2,82
KERALA,28.7,2.1,6.8,101,1.6,0.8,431
KERALA,28.2,2.5,6.9,83,1.9,0.3,353
KERALA,24.8,7.2,7.6,75,1.4,1,188
KERALA,26.3,3.7,7.7,32005,1.2,0.9,40000
KERALA,29.2,6.1,7.6,281,1.2,0.7,384
KERALA,26.6,6.7,7.6,106,0.5,2.5,44
KERALA,30.4,7.6,7.1,58,1.2,0.1,163
KERALA,25.5,1.9,7.7,2941,26.9,2.8,10875
KERALA,25.1,7.4,7,35,0.1,0,165
KERALA,28.9,6.4,7.2,63,1.3,0.4,121
KERALA,28.8,5.4,6.7,65,1.1,0.3,60
KERALA,29.3,5.6,7.3,90,1.6,0.4,268
KERALA,29.5,7.1,8,728,1.2,0.4,374
KERALA,28.4,5.9,6.8,13953,1.5,0.4,70
KERALA,26.9,7.4,6.9,57,1.1,0.3,70
KERALA,25.8,7.2,7.2,41,0.7,0.2,441
KERALA,26.6,6.5,7.4,71,0.6,0.3,4192
KERALA,25.3,6.8,7.1,81,0.8,0,389
KERALA,28.2,6.8,6.9,68,1.7,0.1,449
KERALA,28.5,6.6,7,70,1.4,0.1,550
KERALA,27.6,6.4,7.7,100,0.6,0.9,56
KERALA,29,7.3,6.9,96,1.9,0.2,89
KERALA,27.5,6.8,6.6,49,0.5,0.4,1719
KERALA,30,5.6,7.2,24360,2.1,0.3,92
KERALA,27.8,6.9,6.8,59,0.6,0.5,1916
KERALA,30.2,7.1,6.8,14410,1.8,0.1,65
KERALA,30.8,6.2,7.2,22757,1.5,0.1,98
KERALA,25.3,6.7,7.1,66,0.6,0,222
KERALA,25.3,7.2,7,59,0.6,0,165
KERALA,25.8,6,7.6,120,1.3,1.1,212
KERALA,27.2,5.2,6.8,55,0.6,0.7,171
KERALA,28.1,4.8,6.8,86,0.7,0.8,208
KERALA,28.3,3.9,6.9,62,0.5,0.7,155
KERALA,28.1,5,6.9,3185,1.8,0.4,290
KERALA,27.7,7,7,36,1.1,0.2,276
KERALA,28,6.3,6.9,64,1.2,0.3,381
KERALA,28.2,6.2,6.9,86,1.3,0.2,372
KERALA,28,5.7,6.8,2640,1.9,0.5,385
KERALA,28.1,5.7,6.9,53,3.1,0.4,574
KERALA,28.1,6.6,7.1,2007,1.3,0.2,356
KERALA,28.1,6.6,7,46,1.3,0.3,228
KERALA,27.3,6.5,6.5,43,0.9,0.4,87
KERALA,28.3,6.7,6.3,54,0.9,0.1,136
KERALA,29.1,4.3,7.2,113,1.8,0.4,188
KERALA,28.7,4.6,6.7,12561,1.5,0.6,72
KERALA,28.5,7.7,6.9,61,1.6,0,88
KERALA,26.6,5.8,6.5,61,1,0.4,70
KERALA,31,4.5,6.9,1614,2.1,0.6,131
KERALA,30.5,6.9,7.2,20950,1.3,0.2,113
KERALA,28.8,6.6,7,14487,0.9,0.3,55
KERALA,25.3,6.9,7.5,54,0.6,0,319
KERALA,24,6.4,7.3,76,1.7,0.62,199
KERALA,24.9,6,7.1,85,1.7,0.53,262
KERALA,24.3,6.3,7.1,69,1.3,0.57,248
KERALA,24.8,6.5,7.3,76,1.6,0.55,226
KERALA,26.4,6.7,6.6,60,1.2,0.34,228
KERALA,27,7,6.6,3544,1.5,0.37,208
KERALA,26.6,6.7,7.3,51,0.8,0.35,547
KERALA,28.6,6.9,7.7,107,0.7,0.46,255
KERALA,28.8,6.7,7.9,173,0.9,0.56,191
KERALA,28,5.6,6.9,126,1.2,0.67,266
KERALA,27.4,7.3,7.4,70,0.8,0.31,2984
KERALA,27.5,6.9,7.4,12754,0.8,0.29,1807
KERALA,26.8,7.1,7.4,80,0.6,0.5,1921
KERALA,30,7.2,6.9,62,1.3,0.11,33
KERALA,28.8,3.4,6.7,2965,2.3,1.11,271
KERALA,27.4,6.1,7.2,15871,0.9,0.25,1667
KERALA,24.8,6.4,7.2,120,1.9,0.77,258
KERALA,23.6,6.2,7.2,7448,2,1.01,184
KERALA,29.8,6.6,6.9,77,1.6,0.29,264
KERALA,30.2,6.8,7,72,1.7,0.2,249
KERALA,28.2,2.9,6.7,305,2.2,1.28,403
KERALA,27.7,3,6.6,86,2,0.39,357
KERALA,23.9,6.7,7.1,79,1.6,0.34,313
KERALA,27.4,3.6,7.3,32790,2.6,0.59,64259
KERALA,27.8,6.1,7.8,2905,1.3,0.54,422
KERALA,26.4,6.9,7.4,112,0.5,0.35,50
KERALA,29.6,7,6.9,51,1.1,0.18,44
KERALA,27,3.1,7.2,1416,13.2,4.41,2992
KERALA,26.3,7,7.1,30,0.5,0.32,211
KERALA,30,6.1,7,59,1.8,0.58,89
KERALA,28,6,6.4,61,2.1,0.28,87
KERALA,30.1,6.3,7,105,2.8,0.37,142
KERALA,27.9,6.9,8.1,502,0.9,0.72,382
KERALA,27,5.9,6.7,14662,1.5,0.52,144
KERALA,26,7.8,6.8,49,1.4,0.3,122
KERALA,27.7,7.1,7.4,380,1,0.14,1527
KERALA,27.1,7.3,7.2,67,0.9,0.38,6490
KERALA,26.5,6.2,7.2,51,0.8,0.23,331
KERALA,28.5,7.2,6.8,69,1.2,0.45,706
KERALA,28.7,6.9,6.7,75,2.5,0.4,526
KERALA,25.7,6.3,7.4,113,0.6,0.88,98
KERALA,29.3,7.6,6.8,79,1.6,0.31,48
KERALA,27,7,7.2,57,0.6,0.46,2117
KERALA,30.9,5.9,7,22576,1.5,0.35,42
KERALA,27.1,6.8,7.2,105,0.6,0.39,1200
KERALA,30.3,6.3,6.7,2315,1.3,0.17,55
KERALA,30.4,6.4,6.9,18569,1,0.27,40
KERALA,26.2,6.6,7.3,45,0.6,0.39,228
KERALA,26.2,6.9,7.2,42,0.5,0.18,151
KERALA,25.1,6,7.3,92,1.7,0.56,256
KERALA,27.4,6.1,7.2,59,0.7,1.04,181
KERALA,28.1,4.5,6.9,1190,0.7,1.17,218
KERALA,28.3,4.2,7,69,0.6,1.04,240
KERALA,28.2,6,7,5569,2.2,0.68,473
KERALA,27.2,7.3,7,34,1,0.27,234
KERALA,27.4,6.3,7,44,1.6,0.32,487
KERALA,28.2,6.4,7.2,49,1.4,0.23,362
KERALA,27.9,5.9,7,3272,2.2,0.62,330
KERALA,27.3,4.6,7,65,1.7,0.28,631
KERALA,28.2,6.5,6.9,4650,2,1,340
KERALA,28.2,6.5,7,42,1.4,1,249
KERALA,26.7,6.4,6.4,45,1.2,1,142
KERALA,28,6,6.1,56,1.2,0,136
KERALA,29.7,5.3,6.8,99,2.8,0.79,106
KERALA,28.2,3.6,6.5,22131,1.8,0.95,105
KERALA,28.9,6.9,6.7,66,1.8,0,93
KERALA,26.4,6,6.6,67,1.5,3.69,168
KERALA,30,4.9,6.8,9107,1.6,1,208
KERALA,30.8,6.3,7,18931,1.4,1,34
KERALA,27.8,6.6,6.8,15525,1.1,0.06,149
KERALA,26.7,7.1,7.5,46,0.8,1,239
KERALA,26,7,7.2,79,0.8,0.62,279
KERALA,26,6.6,7,67,1.1,0.53,275
KERALA,26,6.6,7.3,59,0.7,0.57,281
KERALA,26,6.2,7.3,66,0.8,0.55,303
KERALA,26,7.1,7,67,1,0.34,170
KERALA,26,7,6.7,5341,1.1,0.37,158
KERALA,29,6.7,7.3,89,1.1,0.35,1163
KERALA,28,6.2,7.3,136,1,0.46,296
KERALA,28,7.1,8.1,212,0.9,0.56,524
KERALA,29,6.3,6.3,134,1.2,0.67,224
KERALA,26,7.3,7.2,76,0.6,0.31,468
KERALA,26,7,7.3,11041,0.9,0.29,256
KERALA,28,6.8,7.1,75,0.8,0.5,693
KERALA,29,7.4,7.2,61,0.7,0.11,54
KERALA,28,1.7,6.6,769,3.4,1.11,556
KERALA,26,6.1,7.5,14083,1.4,0.25,920
KERALA,26,6.6,7.2,92,0.8,0.77,332
KERALA,25,6.6,7.2,1348,0.8,1.01,392
KERALA,29,6,6.7,95,1.2,0.29,253
KERALA,29,6.6,6.8,78,1,0.2,275
KERALA,28,0.6,6.7,268,4.1,1.28,400
KERALA,27,1.8,6.6,82,2,0.39,399
KERALA,25,7.1,7.2,61,1,0.34,251
KERALA,26,3.9,7.6,30298,2.5,0.59,4830
KERALA,27,6.6,8,310,1.1,0.54,517
KERALA,27,7,7.1,97,0.8,0.35,45
KERALA,29,7.3,7,51,0.7,0.18,65
KERALA,29,0.5,7.1,1717,21.2,4.41,3317
KERALA,29,7,7.4,55,0.9,0.32,800
KERALA,29,6.1,6.8,67,1.1,0.58,80
KERALA,27,7,6.7,61,1.3,0.28,168
KERALA,30,5.2,6.9,81,1.5,0.37,71
KERALA,27,6.1,8,510,1.1,0.72,784
KERALA,27,6.5,6.9,12150,1.8,0.52,711
KERALA,25,7.9,7.2,50,1.1,0.3,319
KERALA,25,7.5,6.9,34,0.9,0.14,110
KERALA,26,7,7.4,72,1,0.38,496
KERALA,29,7.3,7.3,99,0.9,0.23,1088
KERALA,27,7.5,6.9,125,1.6,0.45,970
KERALA,27,6.8,6.9,116,1.7,0.4,825
KERALA,27,5.8,7.3,107,0.9,0.88,232
KERALA,28,7.1,7.2,85,0.8,0.31,67
KERALA,26,6.8,7.1,58,0.7,0.46,2010
KERALA,29,5.7,7.3,13197,1.5,0.35,46
KERALA,27,6.7,7.1,58,1.2,0.39,964
KERALA,28,7,6.9,3453,0.9,0.17,56
KERALA,29,6.5,7,14369,1.3,0.27,63
KERALA,28,6.6,7.3,70,1.4,0.39,838
KERALA,29,7,7.3,60,0.8,0.18,631
KERALA,26,6.3,7.2,97,0.8,0.56,357
KERALA,28,6,7,63,1.1,1.04,243
KERALA,28,4.4,7.1,113,1.5,1.17,358
KERALA,28,4.5,7.2,79,1,1.04,279
KERALA,28,5.1,6.9,1789,2.1,0.68,408
KERALA,27,7.5,7.2,36,1.1,0.27,282
KERALA,28,6.8,7,59,1.3,0.32,648
KERALA,28,6.8,6.9,114,1.4,0.23,388
KERALA,28,5.9,6.8,1108,2.2,0.62,386
KERALA,28,4.9,6.7,88,2.2,0.28,480
KERALA,28,6.8,6.9,1686,1.4,0.25,236
KERALA,28,7.1,6.9,45,1.2,0.29,451
KERALA,26,6.9,6.6,56,1.1,0.3,177
KERALA,28,6.5,6.3,49,1,0.22,87
KERALA,29,4.9,6.6,169,2.1,0.76,250
KERALA,28,4.2,6.5,19575,1.4,0.39,210
KERALA,28,6.9,7.1,63,0.9,0.16,152
KERALA,26,6.6,6.7,69,0.8,0.38,185
KERALA,29,4.5,6.6,6381,2.1,0.34,196
KERALA,29,6.2,7.2,9326,1.3,0.22,61
KERALA,27,6.6,7.1,15158,1.1,0.26,126
KERALA,29,6.3,7.3,74,1.2,0.29,725
KERALA,26.6,7.1,6.9,72,0.5,0.25,278
KERALA,26.8,6.6,6.9,70,0.9,0.49,223
KERALA,26.6,6.9,7.1,52,0.8,0.18,46
KERALA,26.8,7.2,7,830,0.8,0.16,94
KERALA,29.3,6.3,6.9,95,1.3,0.99,750
KERALA,25.4,7.2,7.4,164,0.9,0.46,1325
KERALA,25.5,6.9,7.5,231,0.8,0.55,1000
KERALA,26.6,6.5,6.9,101,1.3,0.47,468
KERALA,24.7,7.1,7.1,64,0.6,0.4,283
KERALA,24.8,7.1,7.1,4600,0.6,0.35,229
KERALA,28,7.5,7.2,52,0.6,0.15,285
KERALA,27.4,2,6.8,265,2.4,2.3,1525
KERALA,26,5.6,7,12769,1.2,0.41,725
KERALA,27.4,7.1,7,90,0.6,0.64,338
KERALA,26.5,6.1,7,248,0.8,0.66,500
KERALA,28.4,6,7,94,1.1,0.13,183
KERALA,28.8,6.5,7.5,76,0.8,0.08,275
KERALA,26.7,1.5,6.6,192,3.6,0.92,881
KERALA,26.4,2,6.8,79,2.4,0.2,456
KERALA,26.5,7.2,7.1,52,0.6,0.15,298
KERALA,25.5,4,7.5,25964,1.1,0.76,945
KERALA,28,7.2,7.3,54,0.9,0.25,330
KERALA,28,0.8,7.1,1239,11.9,1.87,4250
KERALA,27.9,6.4,6.5,58,1.3,0.34,255
KERALA,28.1,6.3,6.8,77,1.2,0.16,73
KERALA,28.6,5.4,6.6,80,1.6,0.27,335
KERALA,25.3,5.8,7.8,666,1,0.24,993
KERALA,28.3,6.6,7.2,12768,1.1,0.13,88
KERALA,26.1,7.7,7.2,44,1,0.28,29
KERALA,24.3,7.1,7,27,0.4,0.11,73
KERALA,26,7.3,7.2,59,0.6,0.19,160
KERALA,28.5,7.8,7.1,119,0.7,0.87,875
KERALA,26.6,7.3,7.1,54,1.3,0.41,415
KERALA,26.8,7,6.6,104,1.5,0.49,500
KERALA,28,6,7.2,92,0.7,0.38,765
KERALA,26.2,6.8,6.6,48,0.5,0.44,1225
KERALA,28.5,5.6,7.1,20455,0.6,0.58,433
KERALA,26.5,7,7,56,1.1,0.43,768
KERALA,29.3,6.7,6.9,2531,0.5,0.22,308
KERALA,29.3,6.2,7.2,15362,0.8,0.39,830
KERALA,27,7.3,7.2,62,0.8,0.95,525
KERALA,27.3,7.6,7.2,59,0.6,0.65,463
KERALA,27.9,6.4,6.8,83,0.5,0.42,175
KERALA,27.8,7,6.6,50,0.6,0.75,295
KERALA,27.8,6.7,6.8,76,1.2,1.21,310
KERALA,28.3,6.7,6.6,64,0.9,1.35,428
KERALA,27.5,5.6,6.9,943,1.5,0.4,655
KERALA,26.3,7.4,7,38,0.9,0.26,386
KERALA,27,6.7,6.9,43,1,0.3,1043
KERALA,27.4,7.1,7.3,48,1.5,0.36,595
KERALA,27,6.2,6.8,309,1.6,0.39,1129
KERALA,27.4,5.2,6.8,61,1.8,0.33,1123
KERALA,27.3,6.8,6.9,995,1.1,0.24,349
KERALA,27,6.8,6.9,52,0.9,0.45,39
KERALA,27.8,6.2,6.6,44,0.7,0.21,715
KERALA,28.4,4.5,6.5,77,1.1,0.34,400
KERALA,28.8,4,7,19279,0.9,0.03,98
KERALA,28.8,7,7.4,69,1,0.12,230
KERALA,25.9,6.5,6.8,58,0.5,0.24,303
KERALA,28,4.6,6.9,98,0.6,0.11,168
KERALA,28.5,6.6,7.3,12327,0.6,0.71,1326
KERALA,28.8,7.1,7,51,1,0.78,750
KERALA,28,8.1,6.3,1414,1.1,0.31,100
KERALA,27,6.9,6.8,41,0.8,0.22,261
KERALA,27,6.9,6.9,78,0.5,0.23,393
KERALA,26,6.7,6.9,5507,0.6,0.28,433
KERALA,27,7.3,7,49,0.7,0.66,228
KERALA,28,6.7,6.7,67,1.3,0.4,309
KERALA,29,6.5,6.6,109,1.2,0.37,142
KERALA,26,0.7,6.6,4235,12.5,1.48,40833
KERALA,27,6.9,6.5,108,1,0.42,540
KERALA,28,6.4,6.6,48,1,0.25,154
KERALA,26,7.2,6.7,109,0.8,0.44,1000
KERALA,29,6.8,7.1,61,1.5,0.5,130
KERALA,28,6.1,6.7,244,0.9,0.33,655
KERALA,27,6.8,7,62,0.6,0.93,240
KERALA,28,7.1,7,59,0.8,0.71,540
KERALA,27,7.4,6.6,64,0.7,0.29,288
KERALA,26,6.4,7,79,0.8,0.73,271
KERALA,26,7.2,6.7,73,0.9,0.28,335
KERALA,27,6.2,7,83,0.6,0.93,282
KERALA,29,6.1,6.7,55,1.4,0.55,825
KERALA,28,6.6,6.5,79,0.8,0.13,195
KERALA,26,6.9,6.7,198,0.3,0.2,40
KERALA,27,7.3,6.5,44,0.5,0.21,233
KERALA,28,6.2,6.6,15738,1,0.93,233
KERALA,29,5.2,7.1,18459,1,0.13,518
KERALA,28,7.4,7,45,1.1,0.11,1043
KERALA,28,7.6,6.7,52,1.1,0.11,613
KERALA,28,2.9,6.3,841,2,1.07,430
KERALA,26,6.6,6.7,72,0.7,0.32,463
KERALA,26,6.4,6.7,122,0.7,0.34,343
KERALA,26,5.4,6.6,102,0.9,0.26,240
KERALA,27,6.2,7,5656,0.9,1.05,162
KERALA,27,6.9,7.1,71,0.5,0.26,125
KERALA,28,6.7,6.5,55,0.9,0.6,265
KERALA,28,5.7,6.7,127,1.9,0.35,221
KERALA,28,6,6.9,77,1.8,0.61,290
KERALA,28,5.2,6.1,4968,1.1,0.14,235
KERALA,28,7.4,6.4,78,1.2,0.12,280
KERALA,27,3.5,7.3,20430,1.3,0.62,560
KERALA,27,6,7.1,13257,1.1,0.14,750
KERALA,28,6.4,6.1,62,0.7,0.28,213
KERALA,27,6.6,6.3,59,1,0.16,248
KERALA,27,7.1,6.4,59,0.9,0.13,178
KERALA,28,6.4,7.1,7035,0.8,0.19,110
KERALA,28,7.3,6.2,51,0.9,0.21,195
KERALA,29,6.8,6.5,80,0.8,0.26,53
KERALA,28,6.4,6.7,3131,2.2,0.12,820
KERALA,27,5.8,6.5,59,1.5,0.13,1800
KERALA,28,5.2,7.2,19885,1.2,0.18,843
KERALA,27,7.7,6.8,67,0.9,0.08,1740
KERALA,28,5.7,7.2,19085,1.4,0.09,1845
KERALA,25,6.7,6.3,177,1.2,0.2,1583
KERALA,28,6.4,6.4,4165,1.2,0.13,168
KERALA,27,6.2,7.6,498,0.4,0.28,613
KERALA,27,6.8,7.5,119,0.4,0.18,478
KERALA,27,7.1,7.6,161,0.5,0.19,710
KERALA,28,5.9,6.7,70,1.7,0.5,74
KERALA,28,5.8,6.5,864,1.5,0.37,199
KERALA,29,4.7,6.6,69,1.8,0.26,234
KERALA,28,6.5,6.6,1204,1.2,0.24,175
KERALA,28,1.4,6.2,129,2.2,0.48,351
KERALA,28,1.5,6.3,73,1.5,0.12,298
MADHYA PRADESH,22,7.3,7.3,402,2.1,0,4
MADHYA PRADESH,23,7.3,7.4,388,2.1,0.58, 
MADHYA PRADESH,30,2.5,7.5,1108,6,0.6,16
MADHYA PRADESH,28,7.4,7.1,80,1.4,0.1,475
MADHYA PRADESH,28,7.2,6.9,80,1.3,0.1,1009
MADHYA PRADESH,29,7.4,7,66,2,0.1,700
MADHYA PRADESH,28,6.3,6.6,66,1.6,0.1,1427
MADHYA PRADESH,26,6.4,7.3,103,4,0.24,126
MADHYA PRADESH,27,6.7,7.4,103,3.9,0.22,64
MADHYA PRADESH,28,6.6,7.5,97,3.7,0.25,16
MADHYA PRADESH,28,5.7,7.2,531,5.3,0.75,116
MADHYA PRADESH,25,6.4,7.1,113,3.9,0.47,60
MADHYA PRADESH,25,6.6,7.2,88,3.9,0.45,228
MADHYA PRADESH,22,6.2,7.3,117,4,0.5,169
MADHYA PRADESH,28,5.5,6.6,1314,1.7,0.4,290
MADHYA PRADESH,27,7.5,6.8,32,0.8,0.3,200
MADHYA PRADESH,28,6.7,6.8,42,1,0.4,230
MADHYA PRADESH,28,6.9,6.7,73,0.5,0.2,688
MADHYA PRADESH,28,6.8,6.9,7920,0.5,0.2,391
MADHYA PRADESH,29,7.4,7.2,49,1.1,0.3,327
MADHYA PRADESH,28,7.2,6.8,58,1.5,0.3,173
MADHYA PRADESH,29,6.8,6.6,115,2,0.5,148
MADHYA PRADESH,28,0.8,6.8,2156,7.4,1,14825
MAHARASHTRA,25.1,6.6,7.8,95,4.9,0.2,16
MAHARASHTRA,29.6,6.9,7.9,99,5,0.4,15
MAHARASHTRA,27.4,6.8,7.7,85,5.2,0.3,11
MAHARASHTRA,27.8,6.7,7.8,80,4.9,0.3,12
MAHARASHTRA,30.6,5.1,7.3,3937,10.3,1.8,31
MAHARASHTRA,25,5.6,7.9,468,3.6,1.9,66
MAHARASHTRA,25,6.4,7.6,541,5.7,0.6,23
MAHARASHTRA,25,5.5,7.4,6166,7.7,1.1,44
MAHARASHTRA,25.3,5.3,7.7,24062,9.9,1.2,156
MAHARASHTRA,25.1,6.7,7.6,83,4.8,0.2,28
MAHARASHTRA,26.1,3.6,7.4,4424,31.3,2.2,276
MAHARASHTRA,21.4,7.2,7.7,226,3.1,0.8,NAN
MAHARASHTRA,27.4,5.9,7.4,268,6.4,0.4,37
MAHARASHTRA,27.1,5.4,7.5,2413,7.4,1.5,59
MAHARASHTRA,27.2,5.8,7.3,384,5.4,0.6,37
MAHARASHTRA,27.3,5.9,7.4,269,5.1,1.2,34
MAHARASHTRA,27,6,7.3,269,8.5,0.4,32
MAHARASHTRA,27.2,6.1,7.3,196,6.1,0.5,30
MAHARASHTRA,27,5.9,7.4,269,6.4,0.4,19
MAHARASHTRA,22.6,6.3,7.8,223,4.6,0.9,15
MAHARASHTRA,28.4,6.7,7.3,9293,3.5,1.8,NAN
MAHARASHTRA,28,6.8,7.2,170,3.1,1.4,NAN
MAHARASHTRA,27.6,6.8,7.3,4175,3.3,1.6,NAN
MAHARASHTRA,27.9,6.9,7.3,4282,3.3,1.6,NAN
MAHARASHTRA,28.1,6.9,7.3,5551,3.4,1.7,NAN
MAHARASHTRA,27.1,6.8,7.9,5390,4.9,0.8,15
MAHARASHTRA,27.6,6.6,8.1,161,4.6,0.3,16
MAHARASHTRA,27.3,6.7,8,138,5,0.3,14
MAHARASHTRA,27.8,6.7,7.8,81,4.9,0.3,14
MAHARASHTRA,28,5.9,7.7,194,5.5,0.6,22
MAHARASHTRA,28.1,6.3,7.6,186,4.6,0.6,13
MAHARASHTRA,28.6,6.6,7.6,207,4.7,0.7,12
MAHARASHTRA,26.9,6.8,7.7,85,5,0.4,15
MAHARASHTRA,23,7.1,7.4,176,2.7,0.9,NAN
MAHARASHTRA,23,7,7.4,178,2.7,0.9,NAN
MAHARASHTRA,23,7.2,7.2,180,2.7,1,NAN
MAHARASHTRA,26.7,6.9,7.7,121,3.3,1,77
MAHARASHTRA,29.3,7.2,8.2,112,3.3,1,39
MAHARASHTRA,28,6.9,7.7,103,3.7,0.57,48
MAHARASHTRA,28.2,6.9,7.6,104,3.5,0.75,37
MAHARASHTRA,26.5,6.4,7.4,1003,4.3,2.89,524
MAHARASHTRA,20.7,6.3,8.3,408,2.7,1.58,64
MAHARASHTRA,27.2,6.7,7.8,105,3.6,1,43
MAHARASHTRA,27.5,6.3,7.6,209,4.4,1.86,48
MAHARASHTRA,26,5.9,7.6,13768,5,1.79,166
MAHARASHTRA,26.5,7.3,7.7,86,3.2,1,50
MAHARASHTRA,27,3.6,7.4,6487,30.5,1.5,534
MAHARASHTRA,27.3,6.3,8.3,999,3.3,1.78,4
MAHARASHTRA,28.7,7.2,7.7,125,3.3,1,39
MAHARASHTRA,28.4,7.1,7.5,127,3.4,4.4,17
MAHARASHTRA,28.7,7.1,7.4,5300,38,1,388
MAHARASHTRA,28.7,7.2,7.6,127,3.2,1,22
MAHARASHTRA,28.7,7,7.6,126,3.3,1,20
MAHARASHTRA,28.7,7.2,7.6,126,3.4,1.89,29
MAHARASHTRA,28.7,7.1,7.8,112,3.2,0.63,43
MAHARASHTRA,29.3,6.8,7.7,9590,3.6,4.57,3
MAHARASHTRA,28.3,6.8,7.4,174,3.7,2.26,4
MAHARASHTRA,28.7,6.8,7.6,2572,3.3,4.22,4
MAHARASHTRA,29.2,6.7,7.8,6030,4.4,4.78,4
MAHARASHTRA,28.7,6.8,7.7,7207,3.9,4.25,3
MAHARASHTRA,27.2,6.8,8.1,167,3.8,1,32
MAHARASHTRA,27.2,6.8,8,173,3.5,1,53
MAHARASHTRA,27.2,7,8,168,3.6,1,44
MAHARASHTRA,28,6.9,7.9,131,3.5,0.75,41
MAHARASHTRA,26.2,7,7.6,125,3.5,0.6,33
MAHARASHTRA,26.2,7.2,7.5,132,3.3,0.9,38
MAHARASHTRA,28.2,7.2,7.7,119,3.3,1,35
MAHARASHTRA,24.5,6.9,7.5,159,2.8,1,3
MAHARASHTRA,24.5,6.7,7.7,141,3.3,3,4
MAHARASHTRA,24.5,7.3,7.7,132,2.9,2,3
MAHARASHTRA,29,6.9,7.7,99,3.3,0.56,53
MAHARASHTRA,30,6.6,7.9,123,3.2,0.52,44
MAHARASHTRA,27,6.6,7.7,220,3.6,0.65,25
MAHARASHTRA,27,6.8,7.7,219,3.4,0.63,23
MAHARASHTRA,27,4.8,7.2,5429,8.4,2.08,177
MAHARASHTRA,23,6.4,8,493,4.2,3.91,17
MAHARASHTRA,29,6.8,7.6,100,3,0.54,124
MAHARASHTRA,29,6.7,7.5,316,4.6,0.6,47
MAHARASHTRA,28,5.8,7.9,37227,9.5,1.42,231
MAHARASHTRA,29,6.9,7.7,84,3.1,0.42,69
MAHARASHTRA,25,4.9,7.6,21254,55.5,2.18,560
MAHARASHTRA,28,6.9,7.9,312,2.7,1.58,4
MAHARASHTRA,29,6.8,7.5,146,3,0.6,124
MAHARASHTRA,29,6.7,7.3,127,2.9,0.59,100
MAHARASHTRA,29,5.6,6.9,432,4.5,1.72,58
MAHARASHTRA,29,6.5,7.3,126,3,0.59,132
MAHARASHTRA,30,7.1,7.5,128,3,0.6,136
MAHARASHTRA,30,6.4,7.3,129,3.1,0.6,68
MAHARASHTRA,29,6.9,7.7,129,2.9,0.55,135
MAHARASHTRA,25,7,7.9,153,2.9,0.55,30
MAHARASHTRA,30,6.4,7.6,10165,3.7,2.14,5
MAHARASHTRA,30,6.9,7.7,307,2.8,3.6,4
MAHARASHTRA,31,6.3,7.7,322,3.5,1.1,4
MAHARASHTRA,30,6.5,7.5,5835,3.4,1.72,4
MAHARASHTRA,30,6.3,7.4,9245,4.7,2,4
MAHARASHTRA,28,6.5,8.1,1907,4,0.55,46
MAHARASHTRA,28,7,8,1896,3.5,0.64,190
MAHARASHTRA,28,7,8,206,2.9,0.56,31
MAHARASHTRA,27,6.8,7.8,239,3.3,0.56,33
MAHARASHTRA,27,6.4,7.6,152,3.2,0.96,62
MAHARASHTRA,26,6.7,7.7,146,3,0.89,30
MAHARASHTRA,27,6.7,7.6,137,2.9,0.76,24
MAHARASHTRA,28,6.6,7.8,228,3.5,0.57,30
MAHARASHTRA,23,7,7.7,409,2.4,0.93,4
MAHARASHTRA,22,6.8,7.6,263,2.9,0.81,4
MAHARASHTRA,23,6.9,7.5,338,2.3,3.93,4
MAHARASHTRA,28.2,7.1,7.9,108,3.3,0.42,65
MAHARASHTRA,NAN,7.1,7.7,111,4.4,0.32,NAN
MAHARASHTRA,27.4,7,8,129,3.5,0.49,40
MAHARASHTRA,27.3,7,8,130,3.3,0.46,33
MAHARASHTRA,28.5,5.7,7.4,2323,6.3,1.47,400
MAHARASHTRA,28.4,5.9,7.6,462,4.9,2.47,23
MAHARASHTRA,28.4,7,7.7,107,3.8,0.4,131
MAHARASHTRA,28.9,6.2,7.4,299,5.1,0.95,209
MAHARASHTRA,28.2,5.9,7.8,33259,6.8,1.61,114
MAHARASHTRA,28.9,7.2,7.9,77,3.2,0.42,164
MAHARASHTRA,27,3.2,7.4,28018,46,1.67,908
MAHARASHTRA,27.9,6.8,7.8,350,2.6,1.99,2
MAHARASHTRA,26.8,6.9,7.5,133,3.2,0.55,252
MAHARASHTRA,27.2,6.9,7.5,143,3.4,0.54,149
MAHARASHTRA,26.8,6.1,6.9,609,4.2,3.1,65
MAHARASHTRA,26.9,6.8,7.4,129,3.2,0.86,51
MAHARASHTRA,26.8,6.7,7.4,130,3.2,0.75,45
MAHARASHTRA,26.9,6.6,7.4,130,5,0.74,67
MAHARASHTRA,26.9,6.7,7.5,120,3.6,0.73,85
MAHARASHTRA,26.2,7.1,7.9,139,3.2,0.45,74
MAHARASHTRA,27.4,6,7.4,13925,59.1,3.08,4
MAHARASHTRA,26.4,6.7,7.7,274,2.3,2.04,5
MAHARASHTRA,26.7,6.3,7.9,326,2.5,2.32,2
MAHARASHTRA,27.3,6.3,7.9,7392,2.4,6.41,4
MAHARASHTRA,27.4,6.3,7.7,12051,4.4,5.37,4
MAHARASHTRA,27.6,7,8.3,162,3.8,0.48,44
MAHARASHTRA,27.5,7,8.3,212,3.6,0.44,47
MAHARASHTRA,27.5,7.1,8.3,227,3.2,0.48,67
MAHARASHTRA,26.9,6.8,8.2,314,4.3,0.45,28
MAHARASHTRA,25.9,6.8,7.8,151,3.4,0.5,601
MAHARASHTRA,25.9,7,7.8,123,3.4,0.44,42
MAHARASHTRA,26,6.9,7.8,139,3.3,0.76,85
MAHARASHTRA,26.9,6.8,8.2,313,4,0.49,49
MAHARASHTRA,24.8,6.7,7.8,215,2.5,0.83,2
MAHARASHTRA,26.2,6.7,7.8,204,2.5,0.77,2
MAHARASHTRA,25.3,6.9,7.7,205,2.2,0.93,2
MAHARASHTRA,28,5.5,7.7,8092,7.6,0.72,410
MAHARASHTRA,29,6.9,7.6,136,3.8,0.26,143
MAHARASHTRA,29,6.9,7.7,120,3.9,0.37,207
MAHARASHTRA,28,6.7,8,111,3.6,0.31,45
MAHARASHTRA,26,6.9,7.3,229,3.8,0.68,108
MAHARASHTRA,29,6.8,7.5,171,3.8,0.34,88
MAHARASHTRA,29,6.9,7.3,183,2.2,1.25,2
MAHARASHTRA,34,3.3,7.6,29464,19.4,1.78,1195
MAHARASHTRA,32,5.4,7.2,925,11.7,0.78,279
MAHARASHTRA,22,6.2,7.2,13848,2.5,4.11,6
MAHARASHTRA,26,7,7.4,225,3.8,0.26,152
MAHARASHTRA,35,6.6,8.1,102,3.9,0.26,165
MANIPUR,28,8.5,7.5,166,2.7,NAN,NAN
MANIPUR,29,8.9,7,125,1.9,NAN,NAN
MANIPUR,30,8,7.8,144,2.1,NAN,NAN
MANIPUR,30,7.5,7.7,87,1.2,NAN,NAN
MANIPUR,28,8.5,7.6,84,2,NAN,NAN
MANIPUR,29,8.4,7.5,103,1.9,NAN,NAN
MANIPUR,30,8.7,7.2,117,3.2,NAN,NAN
MANIPUR,29,6.5,7.7,287,8.2,NAN,NAN
MANIPUR,28,8.6,7.5,130,4.6,NAN,NAN
MANIPUR,28,8.9,7.5,109,1.2,NAN,NAN
MANIPUR,30,9.8,8.4,246,1.2,NAN,NAN
MANIPUR,28,7.6,7.5,147,1.3,NAN,NAN
MANIPUR,29,8.7,7.6,202,1.2,NAN,NAN
MANIPUR,28,8.4,7.4,177,2.4,NAN,NAN
MANIPUR,29,8.7,7.6,203,2.5,NAN,NAN
MANIPUR,32,8.2,7.4,120,1.9,NAN,NAN
MANIPUR,32,8,7.2,110,1.4,NAN,NAN
MANIPUR,30,8.4,7.6,213,1.5,NAN,NAN
MANIPUR,29,9.4,7.8,174,1,NAN,NAN
MANIPUR,31,8.1,8,244,2.4,NAN,NAN
MANIPUR,29,8.1,8,162,1.8,NAN,NAN
MANIPUR,30,8.7,7.6,163,2.6,NAN,NAN
MANIPUR,29,8.7,7.6,143,1.9,NAN,NAN
MANIPUR,30,9.2,7.6,208,1.9,NAN,NAN
MANIPUR,29,8.3,7.7,158,2,NAN,NAN
MANIPUR,29,5.9,7.1,338,6.6,NAN,NAN
MANIPUR,30,4.3,7.4,269,12.3,NAN,NAN
MANIPUR,29,8.2,7.1,109,3.3,NAN,NAN
MANIPUR,28,11.1,7.6,131,3.6,NAN,NAN
MANIPUR,29,7.4,7.1,116,2.7,NAN,NAN
MANIPUR,28,8.2,7.6,112,2.1,NAN,NAN
MANIPUR,29,8.5,7.5,169,3.6,NAN,NAN
MANIPUR,28,11.4,7.2,128,1,NAN,NAN
MANIPUR,29,8.9,7.6,221,1.7,NAN,NAN
MANIPUR,30,9.3,7.6,193,2.3,NAN,NAN
MANIPUR,28,9.1,7.3,217,3.9,NAN,NAN
MANIPUR,28,7.9,7.3,131,0.8,NAN,NAN
MANIPUR,29,8.7,7.4,176,2.2,NAN,NAN
MANIPUR,30,8.1,7.3,199,2.2,NAN,NAN
MANIPUR,30,8.2,7.4,170,2.2,NAN,NAN
MANIPUR,19,8.7,7.1,252,4.9,NAN,NAN
MANIPUR,26,5.1,7.2,17,1,NAN,NAN
MANIPUR,19,10,7.4,157,0.6,NAN,NAN
MANIPUR,21.8,5.9,7,164,1.6,NAN,NAN
MANIPUR,22.3,6.1,7.3,141,1.4,NAN,NAN
MANIPUR,22.3,5.6,7.1,427,1.4,NAN,NAN
MANIPUR,22.3,4.7,7,527,1.9,NAN,NAN
MANIPUR,23,5.5,8.6,116,4.5,NAN,NAN
MANIPUR,23,6.8,6.8,160,1.5,NAN,NAN
MANIPUR,23,7,7.4,47,1,NAN,NAN
MANIPUR,23,7.3,7.8,116,1.2,NAN,NAN
MANIPUR,22,5.5,7.3,179,1.2,NAN,NAN
MANIPUR,22.3,4.7,7.4,220,1.6,NAN,NAN
MANIPUR,27,4.9,7,180,1.2,NAN,NAN
MANIPUR,30,5.8,7.8,367,6.2,NAN,NAN
MANIPUR,23,5.8,7.4,249,1,NAN,NAN
MANIPUR,23,6.2,6.9,182,2.1,NAN,NAN
MANIPUR,22.7,5.5,7.7,356,1.2,NAN,NAN
MANIPUR,23,5.1,6.9,190,2.3,NAN,NAN
MANIPUR,23.5,5.2,7.1,164,2.8,NAN,NAN
MANIPUR,23,4.6,7,188,2.8,NAN,NAN
MANIPUR,23.5,5.6,6.6,165,1.9,NAN,NAN
MANIPUR,23,1.9,6.8,484,15.3,NAN,NAN
MANIPUR,23,2.5,7.1,424,16.7,NAN,NAN
MANIPUR,22.5,5.5,6.9,118,2.8,NAN,NAN
MANIPUR,23,6,7,100,4.2,NAN,NAN
MANIPUR,22.5,4.9,6.9,93,3.6,NAN,NAN
MANIPUR,20,4.8,7,167.1,2.8,NAN,NAN
MANIPUR,22.7,5.4,7.2,211,1.1,NAN,NAN
MANIPUR,26,6,7.5,231,1.1,NAN,NAN
MANIPUR,19,5.6,7.1,319,4.4,NAN,NAN
MANIPUR,22.5,5.7,6.9,261,2.3,NAN,NAN
MANIPUR,18.9,9.9,7.1,163,1,NAN,NAN
MANIPUR,21,6.1,7.6,163,4.5,NAN,NAN
MANIPUR,22.5,5.1,6.9,170,2.5,NAN,NAN
MANIPUR,23,3.8,7,192,3,NAN,NAN
MANIPUR,23,7.6,7.5,307,1.5,NAN,NAN
MANIPUR,23,8.4,7.4,106,1.4,NAN,NAN
MANIPUR,23,9,7.8,221,1.3,NAN,NAN
MANIPUR,25,8.7,7.4,318,1.5,NAN,NAN
MANIPUR,25,1.9,7.3,537,9.9,NAN,NAN
MANIPUR,25,7.7,7.3,550,10.4,NAN,NAN
MANIPUR,25,7.9,7.6,185,1.3,NAN,NAN
MANIPUR,26,8,7.6,202,2.5,NAN,NAN
MANIPUR,25,7.4,7.6,214,1.8,NAN,NAN
MANIPUR,23,8.3,7.7,185,2,NAN,NAN
MEGHALAYA,25.5,7.2,7.5,119,2.3,3.8,33
MEGHALAYA,25.1,7.2,7.5,120,2.3,4.1,31
MEGHALAYA,25.2,7.5,7.3,82,1.8,2.8,30
MEGHALAYA,23.2,7.5,7.5,111,2.4,3,293
MEGHALAYA,20.1,5.3,3.3,831,7.7,3.2,18
MEGHALAYA,18.3,7.2,7.2,56,1.7,2.6,21
MEGHALAYA,19.3,7.5,7.2,66,1.6,2.5,22
MEGHALAYA,24,7.8,7,74,2.3,4.3,28
MEGHALAYA,20.5,6.7,2.7,1350,3.3,1.1,7
MEGHALAYA,21.2,7.3,6.6,274,2.5,2.4,176
MEGHALAYA,26.3,7.4,7.3,67,1.8,2.5,25
MEGHALAYA,25.5,7.2,7.4,82,2,2.8,26
MEGHALAYA,20,7.3,7.1,55,1.9,2.5,24
MEGHALAYA,20.3,7.3,7.1,57,2,2.4,24
MEGHALAYA,19.4,6.6,7.1,114,2.6,2.8,2142
MEGHALAYA,21,7.3,5.6,56,1.8,2.1,16
MEGHALAYA,19.2,5.1,7,105,3.6,4.7,351
MEGHALAYA,18.3,7.3,7.1,51,1.6,2.4,19
MEGHALAYA,19.6,7.7,7.2,50,1.6,2,19
MEGHALAYA,23.7,7.6,7.3,115,2.1,3.7,301
MEGHALAYA,18.2,6.2,7,81,2.4,5.1,36
MEGHALAYA,18.8,7.2,7.1,66,1.9,3.4,28
MEGHALAYA,18.9,7.4,7.1,57,1.5,2.9,13
MEGHALAYA,25.1,7.5,7.4,144,1.7,3.5,26
MEGHALAYA,18.8,7.1,7.1,63,1.9,5.6,22
MEGHALAYA,20.2,7.3,7.2,65,1.9,3.3,24
MEGHALAYA,20,7.3,7.3,65,2,3,25
MEGHALAYA,18.5,1.5,6.9,345,33.9,16.9,23232
MEGHALAYA,18.8,3.9,7.1,233,17,10.5,13174
MEGHALAYA,18.3,1,7.2,376,57.2,20.3,48665
MEGHALAYA,18.5,0.9,7.2,506,61.1,19.6,64250
MEGHALAYA,18.2,7.2,7,66,1.9,3.7,28
MEGHALAYA,22.1,7.7,7.2,62,1.6,3,27
MEGHALAYA,17.6,7.3,6.9,61,2.2,2,25
MEGHALAYA,18.7,1.2,7.1,380,45.7,15.6,51583
MEGHALAYA,18.7,3.2,7.1,258,23.5,10.3,31833
MEGHALAYA,23.1,7.2,7.2,124,6.9,4.5,348
MEGHALAYA,22.6,7.2,7.1,65,2.1,2.4,56
MEGHALAYA,20,7.5,7.3,64,1.9,3.3,21
MEGHALAYA,19.9,7.6,7.3,65,1.9,3.8,21
MEGHALAYA,24.4,7.2,7.3,99,2.2,1,26
MEGHALAYA,23.7,7.2,7.4,102,2.2,1,25
MEGHALAYA,24.6,7.6,7.2,72,1.8,2.56,24
MEGHALAYA,23.1,7.1,7.5,131,2.2,3.2,239
MEGHALAYA,21.7,5.2,2.9,682,7.8,1.5,16
MEGHALAYA,18.2,7.3,7.1,47,1.3,2,15
MEGHALAYA,18.8,7.6,7.2,52,1.2,2,16
MEGHALAYA,23.8,8,6.9,64,1.8,3.38,23
MEGHALAYA,17.8,7.9,7.3,46,1.4,1,12
MEGHALAYA,18.7,7.4,7.2,53,1.9,3,14
MEGHALAYA,18.8,7.7,7.2,55,1.6,3,15
MEGHALAYA,21.3,6.8,2.7,1074,3.2,2.33,4
MEGHALAYA,22.6,7.1,6.5,237,3.8,4.56,674
MEGHALAYA,25.2,7.8,7.2,50,1.6,1.77,20
MEGHALAYA,24.8,7.3,7.3,71,2,2.66,21
MEGHALAYA,19.9,7.3,7,91,1.8,3.3,20
MEGHALAYA,20.7,7.4,7.1,49,1.7,2.44,19
MEGHALAYA,20.6,6.5,7.1,99,2.7,3.56,1967
MEGHALAYA,21.5,7.5,5.7,50,1.5,2.21,10
MEGHALAYA,17.7,5.8,6.9,68,3.1,4.9,197
MEGHALAYA,17.9,6.9,7.2,44,1.4,2.66,14
MEGHALAYA,23.9,7.8,7.3,93,1.9,2.99,264
MEGHALAYA,18,6.6,7,66,2.3,4,29
MEGHALAYA,18.4,7.6,7.1,53,1.7,3,23
MEGHALAYA,18.8,7.8,7,47,1.4,2,8
MEGHALAYA,24.8,7.7,7.4,128,1.6,3.32,25
MEGHALAYA,19.3,7.1,7,54,1.8,2.58,20
MEGHALAYA,20.6,7.4,7,69,1.6,3.3,17
MEGHALAYA,20.7,7.5,7.2,58,1.6,2.25,21
MEGHALAYA,18.4,3.1,7.2,401,21.8,19,22556
MEGHALAYA,19.1,4.7,7.2,202,13.6,15,13444
MEGHALAYA,19.7,2.1,7.2,303,37.2,18.2,39444
MEGHALAYA,20.1,1.8,7.2,394,40.6,15.4,57222
MEGHALAYA,17.6,7.2,6.9,55,1.7,3.04,26
MEGHALAYA,22.7,7.9,7.1,55,1.2,3.55,23
MEGHALAYA,17.9,6.9,6.9,52,2.2,3.48,1576
MEGHALAYA,18.9,1.9,7,306,34.2,17.9,48278
MEGHALAYA,19.4,4.5,7.1,196,15.5,11,48611
MEGHALAYA,23.7,7.2,7.1,107,6.7,5.56,303
MEGHALAYA,22.7,7.5,7,82,2.1,3.02,45
MEGHALAYA,25,7.7,7.2,95,1.8,2.67,22
MEGHALAYA,25,7.6,7.2,92,2.5,2.41,20
MEGHALAYA,25,9.9,7.2,65,1.5,2.31,21
MEGHALAYA,24,7.6,7.4,93,2.1,2.89,276
MEGHALAYA,22,5.5,2.9,568,6.8,1.12,18
MEGHALAYA,16,7.6,7,42,1.3,3.01,11
MEGHALAYA,17,7.7,7.1,45,1.4,2.89,9
MEGHALAYA,23,8.3,7,59,1.7,2.86,16
MEGHALAYA,25,6.9,2.6,1072,3.2,1.17,3
MEGHALAYA,25,7.7,6.3,250,2.1,3.88,180
MEGHALAYA,25,8.8,7.3,37,1.5,1.62,15
MEGHALAYA,25,7.3,7.3,72,2,1.65,17
MEGHALAYA,20,7.5,7,38,1.7,2.2,18
MEGHALAYA,22,7.8,7.1,44,1.6,2.62,15
MEGHALAYA,20,7,7,100,2.4,3.03,1967
MEGHALAYA,21,7.5,6.3,52,1.7,0.82,7
MEGHALAYA,16,6.4,6.9,61,2.6,3.88,227
MEGHALAYA,17,7.5,7.1,39,1.4,2.88,12
MEGHALAYA,17,8,7.1,41,1.4,3.35,10
MEGHALAYA,24,7.9,7.3,93,1.7,5.02,295
MEGHALAYA,18,7.5,6.9,69,1.9,4.92,20
MEGHALAYA,18,7.9,7.2,46,1.7,2.72,20
MEGHALAYA,18,8,7.2,42,1.4,2.47,5
MEGHALAYA,25,7.7,7.1,101,1.5,3.42,16
MEGHALAYA,19,7.2,7.1,49,1.6,2.86,17
MEGHALAYA,21,8.2,7.1,49,1.2,2.81,15
MEGHALAYA,21,7.8,7.1,58,1.5,2.97,19
MEGHALAYA,18,3.9,7.1,235,16.9,16.61,16500
MEGHALAYA,18,4.9,7.1,182,14.2,11.61,10417
MEGHALAYA,19,2.7,7.1,281,35.4,14.84,41000
MEGHALAYA,19,2.5,7.1,382,37.2,11.81,53083
MEGHALAYA,18,8,7,48,1.4,3.8,17
MEGHALAYA,24,8.4,7.1,48,1.2,3.08,18
MEGHALAYA,17,6.8,6.6,49,1.9,3.07,18
MEGHALAYA,18,2.1,7,286,45.6,10.61,51250
MEGHALAYA,19,4,7.1,194,22.4,10.47,29500
MEGHALAYA,24,7.7,7.2,107,6.6,3.02,285
MEGHALAYA,22,7.6,7.1,51,2,2.6,37
MEGHALAYA,20,7.7,7.1,46,1.6,3.93,8
MEGHALAYA,20,7.7,7.1,49,1.9,3.89,11
MEGHALAYA,24.4,7.8,7.2,139,1.9,0.56,263
MEGHALAYA,21.8,6.5,3.1,489,6.1,0.52,32
MEGHALAYA,20.8,7.3,7,162,2.2,0.69,2085
MEGHALAYA,25.2,7.8,7.1,136,1.9,0.52,303
MEGHALAYA,24,7.7,7.1,205,7,0.84,303
MEGHALAYA,18,9.6,7.1,225,4.4,3,310
MEGHALAYA,19,8.8,7.2,131,0.9,NAN,NAN
MEGHALAYA,21,6.4,7.025,187.63,3.175,2.675,2225
MEGHALAYA,25,8.35,7.125,110.75,1.525,3.075,252.5
MEGHALAYA,24,8.45,6.95,104.25,1.2,2.6,222.5
MIZORAM,24.5,7.1,7.3,269,1.4,0.1,NAN
MIZORAM,24.4,7.2,7.3,275,1.5,0.1,4
MIZORAM,23.6,6.9,7.1,186,1.6,0.1,NAN
MIZORAM,23.5,6.8,7.1,201,1.4,0.2,NAN
MIZORAM,23.6,7.1,7.5,189,1.9,1,NAN
MIZORAM,23.8,7,7.6,197,1.8,1,NAN
MIZORAM,23.5,7.2,7.9,158,1.9,0.95,NAN
MIZORAM,23.5,6.5,7.8,161,1.8,0.99,NAN
MIZORAM,24,6.5,7.4,297,1,0.13,26
MIZORAM,24,6.3,7.5,287,0.9,0.14,5
MIZORAM,24,6.5,7.2,375,1.1,0.17,33
MIZORAM,24,6.9,6.9,349,1.1,0.18,38
MIZORAM,23.4,8.1,7.1,267,1,0.11,2
MIZORAM,23.4,8,7,278,1.1,0.11,3
MIZORAM,23.2,6.9,7.2,268,1.1,0.11,6
MIZORAM,23.3,6.8,7.1,286,1.3,0.11,8
MIZORAM,25,8.23,7.38,143,1.55,3.55,255
MIZORAM,22,6.6,7.3,210,1.3,NAN,8.5
MIZORAM,22,6.8,7.2,220,1.5,NAN,NAN
MIZORAM,23,6.8,7,317,1.5,NAN,8
MIZORAM,24,7.4,7.8,272,0.9,NAN,8
MIZORAM,24,7.5,7.8,327,1.2,NAN,0
MIZORAM,26,8.1,7.8,365,1.3,NAN,13
MIZORAM,26,7.9,7.5,350,1.8,NAN,41
MIZORAM,26,7.1,6.1,34,0.6,0.5,1300
MIZORAM,26,5.9,6.2,52,0.5,0.6,1100
MIZORAM,26,5.1,6.2,55,1.1,0.4,1275
MIZORAM,26,6.7,6.2,43,0.7,0.4,1325
MIZORAM,26,5.8,6.2,34,0.6,0.3,975
MIZORAM,26,6.4,6.2,39,0.7,0.4,1375
MIZORAM,26,6.6,6.3,41,0.6,0.3,1033
MIZORAM,26,5.4,6.2,47,0.7,0.5,1250
MIZORAM,28,6.7,6.7,80,1.3,0.5,1655
MIZORAM,27,6.4,7,112,1.4,0.7,3850
MIZORAM,29,6.3,7.1,83,1,0.4,643
MIZORAM,28,6.2,6.5,95,0.8,1.2,1075
MIZORAM,28,6.9,6.4,41,0.5,0.2,83
MIZORAM,27,6.8,6.5,51,0.5,0.2,98
MIZORAM,28,6.6,6.9,11654,0.7,0.3,338
MIZORAM,28,7,7.2,11962,0.3,0.3,68
MIZORAM,28,7.5,6.9,52,0.5,0.2,138
MIZORAM,28,7.4,6.8,68,0.3,0.2,160
MIZORAM,29,2.8,6.6,1239,2.3,0.6,263
MIZORAM,28,6.2,7.6,380,0.5,0.5,1318
MIZORAM,30,7.9,7.9,382,2.1,0.21,993
MIZORAM,28,8.1,8,21030,1.7,0.51,146
MIZORAM,30,7.2,7.7,244,1.2,0.51,980
MIZORAM,32,6.7,7.6,231,1.5,0.56,1460
MIZORAM,29,7,8.1,637,3.5,1.2,NAN
MIZORAM,26,7.5,6.5,65,1,0.15,108
MIZORAM,28,6.8,6.5,88,0.9,0.11,111
MIZORAM,29,6.8,6.5,128,1.8,0.15,295
MIZORAM,32,7.8,7.2,250,1.9,0.15,128
MIZORAM,28,7.2,6.4,71,1.2,0.12,67
MIZORAM,27,7.4,6.5,71,1.5,0.12,98
MIZORAM,31,7.6,7.1,428,2.5,0.15,226
MIZORAM,28,6.8,7.2,856,2.1,0.32,213
MIZORAM,27,7.3,7.3,152,2,1.28,333
MIZORAM,28,6.9,7.2,58,1,NAN,14
MIZORAM,29,7,7.2,56,1,NAN,4
MIZORAM,22,7.9,7.9,385,2.5,0.25,11
MIZORAM,18,3.9,7.9,2422,74.8,0.78,NAN
MIZORAM,24,4.9,7.6,972,19.6,1.8,328
MIZORAM,20,7.4,7.5,413,2.1,1.23,1663
MIZORAM,21,6.1,7.8,632,8.1,2.9,37250
MIZORAM,24,4.9,8.1,852,26.3,18.1,NAN
MIZORAM,26,4.5,8.3,996,25.3,15.8,NAN
MIZORAM,21,6.7,7.6,425,7.4,2.88,22250
MIZORAM,21,6.3,7.7,619,7.3,3.28,28250
MIZORAM,22,6.4,7.7,439,4.2,2.2,60275
NAGALAND,28,7.4,150,6.3,6,0.614,0.614
NAGALAND,26,7.4,139,5.8,5.9,0.453,0.453
NAGALAND,21,7.3,111,7.1,2.4,NAN,NAN
NAGALAND,21,7.4,74,7.5,1.2,NAN,NAN
NAGALAND,21,7.5,77,7.4,3.2,NAN,NAN
NAGALAND,21,7.3,97,7.3,1.9,NAN,NAN
NAGALAND,21,7.4,121,7.5,2.7,NAN,NAN
NAGALAND,21,7.4,142,6.7,1.3,NAN,NAN
NAGALAND,23,7.3,112,8.1,17.2,NAN,NAN
NAGALAND,21,7.5,124,3.7,18.5,NAN,NAN
NAGALAND,20,6.9,223,6.3,6.8,NAN,NAN
NAGALAND,17,3.1,493,5.8,5.9,NAN,NAN
NAGALAND,15,6.9,142,7.3,2.2,NAN,NAN
NAGALAND,20,6.9,145,7.8,1.8,NAN,NAN
NAGALAND,21,7,145,7.3,2.3,NAN,NAN
NAGALAND,30,8.1,569,8.2,1.6,1.028,1.028
NAGALAND,27,7.7,28598,7.7,1.7,0.962,0.962
NAGALAND,30,7.4,219,6.8,3,0.964,0.964
NAGALAND,29,7.2,198,7.2,2.1,1.03,1.03
NAGALAND,29,8,978,5.4,9,1.24,1.24
NAGALAND,21,7.6,203,6.3,1.9,0.107,0.107
NAGALAND,29,7.2,150,7.5,1.3,0.142,0.142
NAGALAND,31,7.3,178,6.7,1.5,0.138,0.138
NAGALAND,29,7.1,214,6.8,2.3,0.585,0.585
NAGALAND,NAN,7.5,293,7.2,1.2,0.568,0.568
NAGALAND,28,6.9,146,7.1,2,0.506,0.506
NAGALAND,28,7,136,7.5,1.4,0.609,0.609
NAGALAND,NAN,7.9,738,7.2,2.7,0.518,0.518
NAGALAND,29,7.5,585,6.3,2.6,0.155,0.155
NAGALAND,28,7.6,98,6.2,1.2,NAN,NAN
NAGALAND,28,7.7,91,6.5,1.3,NAN,NAN
NAGALAND,29,7.6,110,5.7,1.1,NAN,NAN
NEW DELHI,26.667,6.333,7.277,542,5.4,7.187,15
NEW DELHI,26.714,6.471,7.379,204.3,3.729,0.309,10
NEW DELHI,28.286,6.371,7.061,214,4.5,0.346,18
NEW DELHI,19.333,6.7,7.44,153.3,4.4,0.65,23
NEW DELHI,29.083,6.2,6.457,881.1,1.757,0.326,253
NEW DELHI,27.417,7.286,6.586,82.9,1.071,0.233,222
NEW DELHI,27.286,6.525,6.5,124.1,1.313,0.227,334
NEW DELHI,28.6,6.917,6.95,185.4,0.467,0.112,165
NEW DELHI,28.667,6.8,7.043,8489.9,0.414,0.153,238
NEW DELHI,27.786,7.075,7.25,107.3,0.988,0.369,238
NEW DELHI,28.143,7.013,6.712,151.4,1.4,0.397,262
NEW DELHI,27.5,6.787,6.65,119.3,1.637,0.4,294
NEW DELHI,28.571,4.1,6.775,511.4,6.788,1.373,2150
NEW DELHI,27,6.9,6.8,224,0.733,0.438,2000
NEW DELHI,26.5,6.867,6.833,292.7,0.633,0.575,1900
NEW DELHI,26.25,6.467,6.6,240,1.033,0.66,2100
NEW DELHI,26.75,6.667,6.933,268,0.933,0.893,2333
NEW DELHI,26.75,6.967,6.933,268,0.833,0.4,1600
NEW DELHI,26.5,6.733,6.867,324,0.933,0.455,1973
NEW DELHI,27,6.714,6.957,143.4,0.671,0.449,1457
NEW DELHI,26.75,6.733,6.733,242.7,0.9,0.743,1867
NEW DELHI,28,7.233,6.867,75.7,1.1,0.853,1600
NEW DELHI,27,6.233,6.9,104.7,0.867,1.267,1300
NEW DELHI,28.5,6.867,7.067,336.7,0.533,0.285,60
NEW DELHI,28.5,6.433,6.667,339.3,0.6,0.292,440
NEW DELHI,29,7.033,6.533,141.3,0.533,0.135,193
NEW DELHI,28.75,6.633,7.067,237,0.633,0.45,337
NEW DELHI,28,6.833,7,18389,0.7,0.345,173
NEW DELHI,29.5,6.333,7.167,24535.7,0.7,0.332,140
NEW DELHI,28,7.033,7.033,241,0.267,0.232,345
NEW DELHI,28.5,7,7.133,302,0.7,0.168,323
NEW DELHI,29,3.5,6.567,1285.3,2.133,0.347,220
NEW DELHI,28.857,6.243,7.253,405.6,0.857,1.269,3333
NEW DELHI,21,6.9,8.2,211,2.8,2.12,1400
NEW DELHI,24,7.8,8.5,197,0.6,3.01,1700
NEW DELHI,33,7.3,8.6,528,0.9,4.8,NAN
NEW DELHI,27.5,7.95,6.565,188.5,1.5,0.08,24
NEW DELHI,29,5.8,6.6,107,1,0.265,25
NEW DELHI,31.25,6.975,6.725,144.3,1.5,0.22,34
NEW DELHI,NAN,5.35,7.19,216.3,1.325,0.263,11
NEW DELHI,30,7.525,6.61,93.3,1.5,0.283,10
NEW DELHI,29,7.15,6.56,141,1.1,0.25,22
NEW DELHI,NAN,4.325,7.045,547,2.075,0.25,25
NEW DELHI,27.5,6.925,7.633,552,2,0.217,325
NEW DELHI,27.25,6.825,7.125,299.3,3.667,1.525,316
NEW DELHI,26.667,6.7,7.267,92.7,1.333,NAN,6
NEW DELHI,26.333,6.75,7.3,169.3,1.667,NAN,29
NEW DELHI,21.25,5.87,7.84,895.5,4.35,NAN,NAN
NEW DELHI,17.667,6.033,7.367,323.3,3.267,0.667,2390
NEW DELHI,16.5,5.1,7.85,785,12,1.65,3050
NEW DELHI,18,4.867,7.367,568,12,1.367,3500
NEW DELHI,17.333,4.833,7.533,760,13.333,1.933,2300
NEW DELHI,17.5,5.1,7.367,388,6.933,1.4,2723
NEW DELHI,15,6.8,7.3,433.5,5.4,1.35,635
NEW DELHI,17.5,4.2,7.367,758,14.667,1.7,34033
NEW DELHI,18,5.533,7.3,453.3,9.333,1.567,35760
NEW DELHI,17.5,5.2,7.3,391.3,6.267,1.4,23723
NEW DELHI,18,4.2,7.733,825.3,21,1.4,10500
NEW DELHI,18.333,4.033,7.667,855,21.333,1.767,17433
NEW DELHI,18.667,4.133,7.633,811.3,20.333,1.667,38700
NEW DELHI,18,5.35,7.55,682.5,17,20.45,NAN
NEW DELHI,19,4.05,7.85,773.5,16,19.35,NAN
ODISHA,24.7,7.7,7.9,232,1.3,0.8,30790
ODISHA,24.4,7.5,7.8,519,2.1,0.7,38700
ODISHA,22.7,7.3,7.2,103,0.7,1.7,4871
ODISHA,24.8,7.4,7.9,196,0.7,0.6,5323
ODISHA,24,7.4,7.8,244,1.9,1,20880
ODISHA,22.8,7.5,8,243,1.7,0.9,8780
ODISHA,26.8,7.2,8,296,1.5,0.7,1468
ODISHA,27.4,6.6,7.8,25034,1.5,0.9,1671
ODISHA,25.3,7.5,7.9,194,1,1,2906
ODISHA,27.1,7.4,7.9,170,0.8,0.9,4948
ODISHA,23.4,7.5,7.8,237,1.4,0.89,8281
ODISHA,23.5,7.6,7.6,3688,2.3,2.66,19264
ODISHA,22.4,7.3,7.5,82,1.2,1.58,15816
ODISHA,26.8,7.5,8,202,1.4,1.89,11771
ODISHA,26.5,7.3,7.9,232,2.9,2.23,9026
ODISHA,22,7.4,7.9,246,2.3,1.9,1850
ODISHA,27.6,6.9,8.1,3960,2,2.26,19058
ODISHA,26.8,7,8,28222,1.8,2.54,16613
ODISHA,25.6,7.2,7.8,201,1.3,1.59,29937
ODISHA,26.5,7.3,8,221,1.2,2.26,16103
ODISHA,22,7.8,7.9,213,1.5,0.35,7742
ODISHA,22,7.7,8.1,312,2,0.75,12675
ODISHA,24,6.9,7.6,99,1.6,1.39,3066
ODISHA,27,7.3,8,230,1.6,0.69,2346
ODISHA,26,6.8,8.1,264,2.6,1.16,2428
ODISHA,25,7.2,8.1,272,3.1,1.46,2196
ODISHA,28,8,8.3,312,1.4,0.73,1618
ODISHA,29,8.2,8,19595,2,0.94,624
ODISHA,26,7,8,199,1.8,1.11,1503
ODISHA,28,7.2,8.1,201,1.6,0.36,1239
ODISHA,22.3,7.5,8,211,1.9,0.39,3005
ODISHA,22.3,7.2,8,263,3.7,0.63,6625
ODISHA,25,7,7.6,111,1.6,0.67,1081
ODISHA,25.9,7.5,7.9,205,1.5,1,1615
ODISHA,25.9,7.1,7.7,283,2.3,1.73,2882
ODISHA,24.8,7.4,8,263,1.7,0.65,3113
ODISHA,27.5,8.1,8,300,2.3,0.45,2272
ODISHA,28,7.8,8,13103,2.1,0.59,277
ODISHA,25,7.4,8,207,1.5,0.53,1356
ODISHA,25.8,7.2,8,198,1.4,0.57,677
ODISHA,30,7.7,8.1,330,1.9,0.9,1675
ODISHA,30,7.5,7.9,20786,1.3,0.6,613
ODISHA,28,7.2,8.2,315,1.7,1.7,2600
ODISHA,28,7.6,8.1,301,1.5,0.5,2360
ODISHA,28,7.3,8,225,1.3,0.5,1295
ODISHA,27,7.4,8,238,1.9,0.2,2950
ODISHA,27,7.2,7.7,835,2,0.7,1550
ODISHA,29,7.2,7.8,169,1.3,0.4,328
ODISHA,28,7,8.1,240,1,0.4,785
ODISHA,29,7.4,8.1,153,1.7,0.5,505
PONDICHERRY,29,NAN,7.3,386,NAN,0.2,NAN
PONDICHERRY,25,5.9,7.9,21600,NAN,0.1,NAN
PONDICHERRY,25,6.5,7.3,21600,NAN,0.1,NAN
PONDICHERRY,25,6.5,7.7,26600,NAN,0.1,NAN
PONDICHERRY,32,6,7.1,13000,NAN,0.4,NAN
PONDICHERRY,24,NAN,7.8,NAN,1,1,NAN
PONDICHERRY,28,8,7.7,401,NAN,1,NAN
PONDICHERRY,28,8,8.2,1886,4,1,NAN
PONDICHERRY,28,7,8.2,742,5,1,NAN
PONDICHERRY,27,7,6.4,149,4,1,NAN
PONDICHERRY,31,6.8,7.8,505,2.1,0.02, 
PONDICHERRY,25,6.5,7.9,11170,3,0.3, 
PONDICHERRY,25,6.9,7.4,4990,3,0.37, 
PONDICHERRY,25,6.8,8.1,1516, ,0.28, 
PONDICHERRY,26,6,7.3,44600, ,0.23, 
PONDICHERRY,26.8,6.5,8.1,729,1,0.65,NAN
PONDICHERRY,31,3,8.1,1086,NAN,0.1,NAN
PONDICHERRY,32,6.9,8.2,10910,NAN,0.02,NAN
PONDICHERRY,31,6,8,17990,NAN,0.07,NAN
PONDICHERRY,28,4.8,7.7,48500,NAN,0.34,NAN
PONDICHERRY,28,5.1,8.4,4120,3,108.7,NAN
PONDICHERRY,21,7.6,7.9,446,2.6,1.4,NAN
PUNJAB,22.7,5.8,7.2,640,6,4.3,1450
PUNJAB,19,4.8,7.6,1090,22,3.6,30500
PUNJAB,23,5.5,7.3,705,10,5,2020
PUNJAB,24,5.1,7.4,1375,23.7,5.9,27333
PUNJAB,24.7,5.5,7.4,745,10,6.1,12167
PUNJAB,25,5,7.6,975,16.3,6.1,11167
PUNJAB,22,4.9,7.7,1385,27.5,7.7,42500
PUNJAB,24.3,5,7.3,1067,19.3,6.2,21467
PUNJAB,23.3,5.3,7.2,970,13.3,5.9,3167
PUNJAB,19.5,4.9,7.7,1418,21,4.2,28000
PUNJAB,21.5,4.1,7.5,1015,23,6.1,35000
PUNJAB,20,4.8,7.4,854,17,4.7,20500
PUNJAB,23.3,5.5,7.2,636,9.7,4,1328
PUNJAB,22.8,4.7,7.3,1088,23.8,4,28250
PUNJAB,23.3,5.3,7.2,689,11.3,4,1350
PUNJAB,21.8,4.9,7.3,1267,23.5,3,24750
PUNJAB,24.3,5.3,7.4,852,13,4,13775
PUNJAB,23.5,4.9,7.5,977,16.5,5,12375
PUNJAB,24,4.4,7.4,1256,24.8,6,25250
PUNJAB,23.5,4.8,7.2,1021,20.3,4,22875
PUNJAB,23.3,5.1,7.3,971,14.8,5,2125
PUNJAB,22.5,4.6,7.4,1284,24.3,4,21500
PUNJAB,26,4,7.4,1096,26,3,31750
PUNJAB,25.8,4.4,7.3,1002,21.5,4,21000
PUNJAB,21,5.5,7.4,635,8.8,5.08,1400
PUNJAB,24,5.5,7.4,1051,25,6.8,32000
PUNJAB,21,5.3,7.3,636,9.9,5,2150
PUNJAB,24,5.1,7.4,993,21.9,6.63,36250
PUNJAB,21,5.3,7.5,632,13.5,5.08,20000
PUNJAB,18,4.9,7.4,973,17.5,4.77,22000
PUNJAB,22,4.3,7.5,1156,24.5,7.65,33750
PUNJAB,22,4.8,7.4,904,26,8.6,31750
PUNJAB,21,5.1,7.4,1110,16,14.85,3475
PUNJAB,24,5.3,7.4,1290,26.9,8.1,36250
PUNJAB,22,4.9,7.4,990,27.8,6.78,19000
PUNJAB,22,5.2,7.4,914,20.5,6.18,14750
PUNJAB,24.8,5.8,7.2,732,8.5,3.83,1089
PUNJAB,24,5.6,7.4,1322,15.3,15,16750
PUNJAB,25,5.4,7.3,809,10,4.2,4278
PUNJAB,23.3,5.7,7.3,1103,14.3,13.75,20250
PUNJAB,25.8,5.7,7.5,906,24,14.18,7863
PUNJAB,25.8,3.5,7.4,1064,20,13.2,8000
PUNJAB,25.8,3.2,7.6,1197,27.3,19.2,20250
PUNJAB,26,4.7,7.3,1383,32.8,16.4,14388
PUNJAB,26,4.8,7.4,1063,16,5.03,3138
PUNJAB,24.4,5.3,7.5,1532,18.3,15.8,27000
PUNJAB,23.4,5.6,7.5,1269,34.5,12.15,22000
PUNJAB,24.3,5.4,7.4,1194,22,8.3,10000
PUNJAB,22,6,7.3,755,6,2.1,1000
PUNJAB,21,4.9,7.4,892,14,4.4,8000
PUNJAB,22,5,6.7,813,7.5,2.2,1300
PUNJAB,21,5.6,7.3,964,14,4.2,8000
PUNJAB,20,5.7,7.4,968,9.5,3.1,5000
PUNJAB,21,5.3,7.4,779,10,3.1,7000
PUNJAB,21,4.8,7.4,825,19,4.6,9500
PUNJAB,23,2.9,7.3,1035,13,3.9,3050
PUNJAB,21,4.5,7.2,885,10.5,3.3,1100
PUNJAB,20,4.8,7.5,896,10,4.1,7000
PUNJAB,24,3.1,7.6,1130,11.5,4.1,9000
PUNJAB,25,3.1,7.6,1000,10,3.7,6000
RAJASTHAN,32.6,4,6.8,370,3,0.8,4
RAJASTHAN,25.1,5.9,8,401,0.9,0.7,4
RAJASTHAN,22.3,6,7.2,106,0.8,0.4,4
RAJASTHAN,23.7,5.6,7.9,326,1.1,0.8,4
RAJASTHAN,23.9,6.2,8.1,592,1,0.7,4
RAJASTHAN,30.7,4.8,7.6,295,0.8,0,4
RAJASTHAN,28,4.9,8.3,603,1,0,4
RAJASTHAN,23.4,5.5,7.4,138,0.8,0,4
RAJASTHAN,25.3,5.5,8.1,625,1.1,0,4
RAJASTHAN,31.1,5,7.3,305,1.7,0,4
RAJASTHAN,26.3,5.6,8.1,552,1.1,0,4
RAJASTHAN,33,4.8,7.5,280,2.4,0.72,3
RAJASTHAN,24,6,8.3,468,1.4,0.43,5
RAJASTHAN,19,5.9,7.3,234,1.5,0.36,4
RAJASTHAN,23,6.4,8,527,1.2,0.35,5
RAJASTHAN,24,5.9,7.9,796,1.5,0.48,4
RAJASTHAN,28,4.8,7.9,650,3.2,0.68,6
RAJASTHAN,32,5,7.3,390,2.8,0.14,4
RAJASTHAN,26.9,5.1,7.8,657,1.7,0.26,6
RAJASTHAN,27.3,5.3,7.8,623,1.7,NAN,NAN
RAJASTHAN,23,4.8,7.3,260,0.8,1.1,3
SIKKIM,NAN,NAN,7.61,168.2,NAN,10.3,NAN
SIKKIM,25,7.102,7.945,307.5,1.525,0.11,26
SIKKIM,25.5,3.487,7.015,25950,9.2,0.228,378
SIKKIM,22,5.35,7.935,735,4.7,0.835,27650
SIKKIM,25.5,7.05,7.995,535,4.7,1.195,13400
SIKKIM,29.667,6.5,8.14,16410,5.3,1.397,9200
SIKKIM,25.5,NAN,7.885,896.5,15,0.42,3
SIKKIM,29,5.6,8.173,3660,4.6,0.46,4500
SIKKIM,26.5,6.085,7.695,933,3.2,0.153,450
SIKKIM,26.5,6.055,7.605,6715,4.3,0.222,45
SIKKIM,28,NAN,7.215,15580,431.5,0.395,7
SIKKIM,27,7.93,8.32,2160,1.46,0.277,4
SIKKIM,25.667,4.9,7.943,504.7,3.1,0.603,1810
SIKKIM,27.75,6.625,7.725,149.3,2.175,0.123,2
SIKKIM,27.75,5.175,6.95,464,1.5,0.7,75
SIKKIM,30,6.4,7.45,142.8,2.025,0.155,1787
SIKKIM,28.25,6.2,7.9,218,1.575,0.615,NAN
SIKKIM,26.667,7.4,6.733,344.3,1.7,0.9,33
SIKKIM,28.75,7.6,6.775,213.3,1.3,0.173,133
SIKKIM,28,7.35,7.1,214.8,1.425,0.15,41
SIKKIM,28.25,7.675,6.875,103.3,1.025,3.367,18
SIKKIM,27.25,7.125,7.55,418.3,1.725,0.45,18
SIKKIM,28.5,7,6.725,497.3,1.575,0.135,1956
SIKKIM,27.714,6.543,7.229,130.4,4.014,0.307,8
SIKKIM,28.714,6.7,7.307,121.5,3.857,0.264,9
SIKKIM,28.667,7.1,7.507,102.5,4.633,0.21,10
TAMILNADU,29.3,6.5,7.4,1063,2,0.6,177
TAMILNADU,22.8,6.8,6.6,63,2.9,0.1,11
TAMILNADU,24.5,6.6,6.4,101,2.5,0.2,13
TAMILNADU,25.5,6.6,6.5,136,2.5,0.2,13
TAMILNADU,29,6.7,6.9,226,2.2,0.2,12
TAMILNADU,23.8,6.7,6.3,72,2.7,0.2,9
TAMILNADU,22.8,6.7,6.4,61,4.6,0.1,10
TAMILNADU,29,6.6,7.2,1300,2.7,0.2,21
TAMILNADU,29,6.7,7,461,2.5,0.1,17
TAMILNADU,23,6.6,6.2,69,2.5,0.1,11
TAMILNADU,29,6.8,6.9,241,2.5,0.1,14
TAMILNADU,25.7,6.5,6.6,159,2.4,0.2,11
TAMILNADU,25.7,6.6,6.7,170,2.5,0.2,10
TAMILNADU,24.3,0.9,7.6,2039,104.5,0.9,272521616
TAMILNADU,27.8,6.7,7.5,1088,1.7,0,194
TAMILNADU,23.4,7.2,6.5,73,3.1,0,19
TAMILNADU,25.4,6.7,6.3,98,3.3,1.5,21
TAMILNADU,26.3,6.3,6.5,143,4,4,38
TAMILNADU,29,6.6,6.9,260,5.4,1,17
TAMILNADU,24.6,7.1,6.3,71,3.5,1,24
TAMILNADU,23.5,6.9,6.3,65,3.5,0,17
TAMILNADU,29,7.3,7.1,607,3.6,0.88,33
TAMILNADU,27,6.1,7,446,5.2,0.56,26
TAMILNADU,24,6.9,6.4,94,3.2,1.59,20
TAMILNADU,28.7,6.8,6.8,451,9.4,0.55,22
TAMILNADU,26.3,6,6.6,169,3.9,2,22
TAMILNADU,25.7,6.5,6.7,187,3.3,3,32
TAMILNADU,26.8,3.4,7.8,2577,164.9,1.5,148825783
TAMILNADU,27,6.8,7.5,890,2.1,0.51,274
TAMILNADU,23,7.3,7.6,160,1.9,0.06,32
TAMILNADU,25,7,7.7,111,2.2,0.08,53
TAMILNADU,26,6.7,7.7,139,3.1,0.22,123
TAMILNADU,29,7.2,7.2,288,2.1,0.14,33
TAMILNADU,24,7,7.1,95,1.9,0.08,47
TAMILNADU,24,7,7.5,84,1.7,0.06,32
TAMILNADU,29,7.4,7,3101,15.6,0.15,76
TAMILNADU,29,7.2,7.3,510,2.9,0.08,46
TAMILNADU,24,7.1,7.4,88,1.8,0.07,34
TAMILNADU,29,7.2,6.9,338,3.8,0.07,44
TAMILNADU,26,6.7,7.6,162,3.3,0.16,90
TAMILNADU,27,6.7,7.6,182,4.1,0.15,92
TAMILNADU,32,0.2,7.2,2219,185.8,1.75,180000000
TAMILNADU,28.4,6.3,7.6,830,1.8,0.24,738
TAMILNADU,24,7.4,7.6,104,1.2,0.09,NAN
TAMILNADU,24,7.4,6.8,337,1.3,0.1,115
TAMILNADU,28,7.5,6.7,180,1.3,0.1,100
TAMILNADU,28,6.9,6.8,127,2.4,0.1,222
TAMILNADU,30,7,7,305,1.5,0.1,113
TAMILNADU,27,7.2,6.7,323,1.6,0.1,94
TAMILNADU,26,7.4,6.7,364,1.6,0.1,91
TAMILNADU,29,7.5,7.2,473,2.1,0.1,220
TAMILNADU,26,6.7,7.4,544,2,0.3,158
TRIPURA,27.3,6.2,7.8,165,2.1,0,282
TRIPURA,29.1,6.4,7.8,158,4.1,0.5,458
TRIPURA,26.6,6.6,7.9,210,4.2,1.9,510
TRIPURA,27.4,6.6,7.7,165,1.7,0,280
TRIPURA,21.9,6.7,7.8,167,4.8,1,440
TRIPURA,27.5,6.6,7.7,183,3.7,1.55,415
TRIPURA,28,6.6,7.8,165,1.6, ,268
TRIPURA,28,6.4,8,155,3.9,0.5,512
TRIPURA,27,6.5,8,168,4.2,0.99,488
TRIPURA,28.4,6.6,7.8,149,1.8,NAN,209
TRIPURA,28.6,6.3,8,164,3.4,0.3,380
TRIPURA,28.5,6.6,7.9,196,4.4,0.8,425
TRIPURA,28,6.5,7.7,146,1.6,NAN,302
TRIPURA,28,6.2,7.7,176,3.5,0.2,532
TRIPURA,29,6.3,8,198,4.2,0.3,524
TRIPURA,28,6.6,7.7,143,1.3,0,201
TRIPURA,29,6.3,7.6,164,2.8,0.1,442
TRIPURA,28,5.7,7.8,170,3.4,0.2,469
UTTAR PRADESH,22,6.5,7.7,686,9.8,2.6,19750
UTTAR PRADESH,21,6.4,7.8,754,13.8,2.53,56500
UTTAR PRADESH,22,6.3,7.7,615,8.2,3.7,34500
UTTAR PRADESH,21,6.2,7.6,457,3.7,2.23,8633
UTTAR PRADESH,21,6,7.8,690,9.6,3,16250
UTTAR PRADESH,21,5.9,7.8,692,11.1,3.5,94000
UTTAR PRADESH,21,5.9,7.7,699,10.4,3.33,60500
UTTAR PRADESH,22,6.5,8.2,1315,2.2,0.05,NAN
UTTAR PRADESH,25,6.6,8.2,895,26.3,15.5,NAN
UTTAR PRADESH,29,NAN,7.2,NAN,50,0.27,NAN
UTTAR PRADESH,30,NAN,7.4,NAN,50,0.4,NAN
UTTAR PRADESH,29,1,7.3,NAN,49.7,0.6,NAN
UTTAR PRADESH,19,5.6,7.4,168,2.2,0.38,5
UTTAR PRADESH,25,6.7,7.9,135,0.4,NAN,NAN
UTTAR PRADESH,25,6.5,7.9,195,0.6,NAN,NAN
UTTAR PRADESH,24,7.3,7.8,219,0.5,NAN,NAN
UTTAR PRADESH,24,7.7,7.9,227,0.4,NAN,NAN
UTTAR PRADESH,23,6.2,7,132,1.6,NAN,NAN
UTTAR PRADESH,23,6.4,7.4,137,2.1,NAN,NAN
UTTAR PRADESH,23,6.4,7.6,200,1,NAN,NAN
UTTAR PRADESH,23,7,7.6,210,2.4,NAN,100
UTTAR PRADESH,23,3.6,7.2,249,4.9,NAN,NAN
UTTAR PRADESH,23,3.7,7.5,224,4,NAN,NAN
UTTAR PRADESH,24,7.1,7.3,156,2,NAN,NAN
UTTAR PRADESH,23,7.1,7.2,127,2,NAN,NAN
UTTAR PRADESH,22,5.8,7.6,258,1.7,NAN,NAN
UTTAR PRADESH,24,8.4,7.9,383,0.8,NAN,NAN
UTTAR PRADESH,20,8.1,7.2,221,5.4,1.95,213
UTTAR PRADESH,18,6.1,3.1,738,5.5,2.73,32
UTTAR PRADESH,16,8,7,164,1.7,1.6,1600
UTTAR PRADESH,19,5.4,7.2,153,1.7,1.78,213
UTTAR PRADESH,18,7,7,161,1.7,2.43,250
UTTAR PRADESH,27,5.2,7.4,120,1.4,0.05,203
UTTAR PRADESH,27,4.7,7.4,139, ,0.11,308
UTTAR PRADESH,27,5.4,7.4,128,3,0.06,353
UTTAR PRADESH,23,6.9,7.2,233,1.5,NAN,NAN
UTTAR PRADESH,17.5,6.25,7.9,770,14,19.4,NAN
UTTAR PRADESH,18.5,6.65,7.875,914.5,43,0.824,9650
UTTAR PRADESH,19.5,7.2,9.01,340.5,4.6,2.955,12
UTTAR PRADESH,22,6.27,7.89,3638,149.75,NAN,NAN
UTTAR PRADESH,20,6.1,7.1,NAN,3.1,0.3,4
UTTAR PRADESH,26,0.6,7.3,646,87,6.8,NAN
UTTAR PRADESH,27,NAN,7.9,1151,130,8.3,NAN
UTTAR PRADESH,27,NAN,7.1,912,126,6.7,NAN
UTTAR PRADESH,16,7.2,7,183,5.2,2.6,140
UTTAR PRADESH,15,4.6,3,350,6.2,2.2,33
UTTAR PRADESH,10,8.8,7,172,1.6,5,1800
UTTAR PRADESH,11,10,7.1,150,1,4,240
UTTAR PRADESH,12,9,7.3,158,1.8,7.2,220
UTTAR PRADESH,23.667,7.767,7.543,NAN,0.5,NAN,NAN
UTTAR PRADESH,23.7,7.167,8.143,NAN,0.6,NAN,NAN
UTTAR PRADESH,23.767,8.533,7.857,170,0.4,NAN,NAN
UTTAR PRADESH,23.667,8.867,7.793,216,0.5,NAN,NAN
UTTAR PRADESH,28,5.6,7.65,375.2,1.758,1.995,2636
UTTAR PRADESH,NAN,NAN,7.76,233.3,10.825,5.657,NAN
UTTAR PRADESH,NAN,NAN,NAN,NAN,1,1.01,1200
UTTAR PRADESH,NAN,NAN,NAN,NAN,112,5.5,1200000
UTTAR PRADESH,26,7.2,7.84,342.8,1.764,0.528,78
UTTAR PRADESH,27,5,7.22,18370.3,19.663,0.452,9625
UTTAR PRADESH,29,6.2,8.11,480,11.333,0.39,14050
UTTAR PRADESH,27,7.2,8.07,580,4,0.37,150
UTTAR PRADESH,28,6.2,7.98,11125,5,0.39,7147
UTTAR PRADESH,28,3.9,7.92,1039,14.847,1.412,6
UTTAR PRADESH,29,7.2,7.42,246.9,4.632,0.791,10011
UTTAR PRADESH,28,6.9,6.44,302.9,2.304,0.231,12
UTTAR PRADESH,29,7.8,6.69,255.9,2.754,0.348,13
UTTAR PRADESH,29,6.7,7.35,346.1,1.893,0.973,13
UTTAR PRADESH,28,8.3,6.68,348.9,2.503,1.686,13
UTTAR PRADESH,28,8.1,6.18,187.4,2.375,0.196,12
UTTAR PRADESH,29,7.7,6.55,121.8,2.242,1.136,13
UTTAR PRADESH,29,8.6,6.56,181.4,2.423,0.276,24
UTTAR PRADESH,28,7.7,6.45,302.5,2.144,0.163,10
UTTAR PRADESH,28,7.4,6.07,142.8,1.681,0.276,12
UTTAR PRADESH,NAN,7,8.16,4545,4.165,0.343,9593
UTTAR PRADESH,NAN,5.9,7.36,761,6.1,0.083,1200
UTTAR PRADESH,27,4.1,7.57,29369.3,7.08,0.302,1035
UTTAR PRADESH,27,3.9,5.27,5914,441.8,0.512,3
UTTAR PRADESH,NAN,5.7,7.62,665,2.12,0.86,1050
UTTAR PRADESH,NAN,6.1,8,602.5,5.64,1.035,38143
UTTAR PRADESH,14,6.2,7.88,540.7,9.75,17.387,NAN
UTTARAKHAND,20,6.6,7.15,199,7.475,2.1,208
UTTARAKHAND,18,6.4,3.05,605,5.067,4.8,18
UTTARAKHAND,15,7.1,7.03,147.3,2.1,1,1675
UTTARAKHAND,19,8.1,7.03,148.3,1.967,NAN,230
UTTARAKHAND,21,8.3,7.1,152,2.133,NAN,270
UTTARAKHAND,25,7.4,6.6,NAN,NAN,NAN,NAN
UTTARAKHAND,25,6.8,6.3,NAN,NAN,NAN,NAN
UTTARAKHAND,25,6.1,7.15,NAN,NAN,NAN,NAN
UTTARAKHAND,26,7.5,7.2,NAN,NAN,NAN,NAN
UTTARAKHAND,28,7.5,7.8,286.5,1.775,0.51,7448
UTTARAKHAND,30,7.5,7.35,30683,2.25,0.745,1515
UTTARAKHAND,27,6,7.55,214.5,3.125,0.895,2600
UTTARAKHAND,32,6.3,7.43,201.3,2.175,0.76,2825
UTTARAKHAND,29,6.1,8.33,868.5,NAN,1.975,NAN
UTTARAKHAND,NAN,8.1,7.86,342.3,2.747,0.24,NAN
UTTARAKHAND,25,7.3,7.3,157,2.067,0.55,153
UTTARAKHAND,NAN,4.9,7.33,494.7,14.533,2.2,1233
UTTARAKHAND,28,6.3,7.58,379.8,6.7,1.575,1640
UTTARAKHAND,28,6.1,7.58,490,14.25,2.425,4875
UTTARAKHAND,25,6.8,7.43,337.5,4.25,1.225,1175
UTTARAKHAND,26,6.7,7.38,333.5,3.85,1.575,548
UTTARAKHAND,27,5.9,7.48,428,8.35,2.2,4050
UTTARAKHAND,25,6.5,7.4,361.8,4.3,1.9,1158
UTTARAKHAND,25,6.9,7.4,322,3.75,0.975,200
UTTARAKHAND,26,5.1,7.48,496.5,14.7,2.3,4325
UTTARAKHAND,28,5,7.4,515.3,14.76,2.08,8860
UTTARAKHAND,28,5.1,7.43,503.3,16.25,2.3,12938
UTTARAKHAND,16,6.2,7.63,423.3,7,14.013,NAN
UTTARAKHAND,NAN,4.4,8.23,390,1.39,0.08,14
UTTARAKHAND,NAN,4.2,8.52,380,1.26,0.16,28
UTTARAKHAND,23,4,7.65,729,36,2.89,1190
UTTARAKHAND,22,8,8.31,617,4.4,0.655,14
UTTARAKHAND,NAN,4.2,8.55,1184.7,341.833,4,NAN
UTTARAKHAND,NAN,5,7.92,160,1.443,0.153,17
UTTARAKHAND,25,7.5,7.53,87.3,1.407,0.567,32
UTTARAKHAND,27,6.6,7.27,162.3,3.555,0.292,46
UTTARAKHAND,28,6.8,7.12,172.3,1.723,0.198,62
UTTARAKHAND,NAN,6.7,7.6,277.8,1.229,0.183,12
UTTARAKHAND,28,7.1,6.94,95.8,0.943,0.151,10
UTTARAKHAND,27,7.4,7,88.5,0.977,0.186,27
UTTARAKHAND,NAN,6.6,7.81,603.2,2.675,0.263,40
UTTARAKHAND,28,6.6,7.49,571.5,2.091,0.256,151
UTTARAKHAND,28,5.4,7.16,75.8,2.092,NAN,404
UTTARAKHAND,30,5.4,7.37,104.8,1.802,0.215,456
